anio,provincia,grupo_etario,genero,consumo_psicofarmacos_pct,tasa_ansiedad_pct,desempleo_pct,consumo_alcohol_pct,consumo_tabaco_pct,acceso_salud_mental,impacto_postpandemia,fuente_base
2019,Buenos Aires,18-29,Mujer,11.58,37.0,12.8,47.5,23.3,Bajo,Bajo,SEDRONAR / ENCoPraC / COFA (dataset ampliado con fines academicos)
2019,Buenos Aires,18-29,Varon,8.37,41.0,12.8,74.0,18.7,Alto,Bajo,SEDRONAR / ENCoPraC / COFA (dataset ampliado con fines academicos)
2019,Buenos Aires,30-44,Mujer,12.99,20.5,7.4,54.6,35.8,Medio,Bajo,SEDRONAR / ENCoPraC / COFA (dataset ampliado con fines academicos)
2019,Buenos Aires,30-44,Varon,10.19,23.7,13.0,46.7,27.9,Medio,Bajo,SEDRONAR / ENCoPraC / COFA (dataset ampliado con fines academicos)
2019,Buenos Aires,45-59,Mujer,16.84,21.0,11.7,68.4,19.6,Medio,Bajo,SEDRONAR / ENCoPraC / COFA (dataset ampliado con fines academicos)
2019,Buenos Aires,45-59,Varon,11.57,20.1,5.8,85.5,50.8,Alto,Bajo,SEDRONAR / ENCoPraC / COFA (dataset ampliado con fines academicos)
2019,Buenos Aires,60+,Mujer,17.41,35.5,10.7,45.9,34.8,Bajo,Bajo,SEDRONAR / ENCoPraC / COFA (dataset ampliado con fines academicos)
2019,Buenos Aires,60+,Varon,13.19,42.3,8.4,71.8,28.6,Medio,Bajo,SEDRONAR / ENCoPraC / COFA (dataset ampliado con fines academicos)
2019,CABA,18-29,Mujer,11.47,44.1,15.1,85.1,48.4,Medio,Bajo,SEDRONAR / ENCoPraC / COFA (dataset ampliado con fines academicos)
2019,CABA,18-29,Varon,9.25,42.7,6.2,49.4,19.5,Bajo,Bajo,SEDRONAR / ENCoPraC / COFA (dataset ampliado con fines academicos)
2019,CABA,30-44,Mujer,13.39,39.9,9.6,53.5,36.5,Bajo,Bajo,SEDRONAR / ENCoPraC / COFA (dataset ampliado con fines academicos)
2019,CABA,30-44,Varon,10.39,39.1,6.0,87.4,44.3,Bajo,Bajo,SEDRONAR / ENCoPraC / COFA (dataset ampliado con fines academicos)
2019,CABA,45-59,Mujer,17.94,38.1,6.0,57.2,21.9,Alto,Bajo,SEDRONAR / ENCoPraC / COFA (dataset ampliado con fines academicos)
2019,CABA,45-59,Varon,13.31,33.7,9.3,43.1,28.6,Bajo,Bajo,SEDRONAR / ENCoPraC / COFA (dataset ampliado con fines academicos)
2019,CABA,60+,Mujer,20.31,41.6,11.1,45.7,42.3,Medio,Bajo,SEDRONAR / ENCoPraC / COFA (dataset ampliado con fines academicos)
2019,CABA,60+,Varon,15.54,31.8,15.0,63.7,35.8,Medio,Bajo,SEDRONAR / ENCoPraC / COFA (dataset ampliado con fines academicos)
2019,Cordoba,18-29,Mujer,10.37,24.4,11.6,83.6,26.5,Medio,Bajo,SEDRONAR / ENCoPraC / COFA (dataset ampliado con fines academicos)
2019,Cordoba,18-29,Varon,7.58,37.7,8.0,43.7,27.9,Bajo,Bajo,SEDRONAR / ENCoPraC / COFA (dataset ampliado con fines academicos)
2019,Cordoba,30-44,Mujer,12.7,39.1,7.4,82.8,36.3,Alto,Bajo,SEDRONAR / ENCoPraC / COFA (dataset ampliado con fines academicos)
2019,Cordoba,30-44,Varon,9.2,41.9,9.1,45.3,25.7,Medio,Bajo,SEDRONAR / ENCoPraC / COFA (dataset ampliado con fines academicos)
2019,Cordoba,45-59,Mujer,14.54,15.2,11.6,60.0,25.6,Bajo,Bajo,SEDRONAR / ENCoPraC / COFA (dataset ampliado con fines academicos)
2019,Cordoba,45-59,Varon,10.82,25.1,17.3,55.5,35.6,Medio,Bajo,SEDRONAR / ENCoPraC / COFA (dataset ampliado con fines academicos)
2019,Cordoba,60+,Mujer,16.6,43.9,8.3,63.9,28.2,Bajo,Bajo,SEDRONAR / ENCoPraC / COFA (dataset ampliado con fines academicos)
2019,Cordoba,60+,Varon,12.18,16.1,12.9,64.1,19.8,Bajo,Bajo,SEDRONAR / ENCoPraC / COFA (dataset ampliado con fines academicos)
2019,Santa Fe,18-29,Mujer,10.03,19.3,11.4,87.3,26.2,Medio,Bajo,SEDRONAR / ENCoPraC / COFA (dataset ampliado con fines academicos)
2019,Santa Fe,18-29,Varon,7.66,37.8,8.1,75.0,30.5,Medio,Bajo,SEDRONAR / ENCoPraC / COFA (dataset ampliado con fines academicos)
2019,Santa Fe,30-44,Mujer,12.26,17.7,15.9,55.4,24.3,Bajo,Bajo,SEDRONAR / ENCoPraC / COFA (dataset ampliado con fines academicos)
2019,Santa Fe,30-44,Varon,9.86,32.7,13.8,40.8,35.4,Bajo,Bajo,SEDRONAR / ENCoPraC / COFA (dataset ampliado con fines academicos)
2019,Santa Fe,45-59,Mujer,13.31,35.7,10.0,85.0,22.7,Bajo,Bajo,SEDRONAR / ENCoPraC / COFA (dataset ampliado con fines academicos)
2019,Santa Fe,45-59,Varon,10.73,18.4,17.0,82.1,26.8,Medio,Bajo,SEDRONAR / ENCoPraC / COFA (dataset ampliado con fines academicos)
2019,Santa Fe,60+,Mujer,16.26,30.9,8.1,44.5,48.5,Alto,Bajo,SEDRONAR / ENCoPraC / COFA (dataset ampliado con fines academicos)
2019,Santa Fe,60+,Varon,12.78,34.0,9.4,56.8,42.7,Alto,Bajo,SEDRONAR / ENCoPraC / COFA (dataset ampliado con fines academicos)
2019,Mendoza,18-29,Mujer,9.75,34.3,6.1,47.8,48.6,Medio,Bajo,SEDRONAR / ENCoPraC / COFA (dataset ampliado con fines academicos)
2019,Mendoza,18-29,Varon,7.31,15.3,6.3,71.8,18.2,Bajo,Bajo,SEDRONAR / ENCoPraC / COFA (dataset ampliado con fines academicos)
2019,Mendoza,30-44,Mujer,12.39,34.6,7.9,74.2,26.1,Bajo,Bajo,SEDRONAR / ENCoPraC / COFA (dataset ampliado con fines academicos)
2019,Mendoza,30-44,Varon,8.65,37.4,13.4,80.8,40.4,Medio,Bajo,SEDRONAR / ENCoPraC / COFA (dataset ampliado con fines academicos)
2019,Mendoza,45-59,Mujer,13.21,23.0,8.2,86.7,31.4,Alto,Bajo,SEDRONAR / ENCoPraC / COFA (dataset ampliado con fines academicos)
2019,Mendoza,45-59,Varon,9.6,33.9,15.3,64.1,37.6,Medio,Bajo,SEDRONAR / ENCoPraC / COFA (dataset ampliado con fines academicos)
2019,Mendoza,60+,Mujer,15.78,23.4,5.3,71.0,24.0,Alto,Bajo,SEDRONAR / ENCoPraC / COFA (dataset ampliado con fines academicos)
2019,Mendoza,60+,Varon,10.92,43.6,16.9,57.8,18.5,Alto,Bajo,SEDRONAR / ENCoPraC / COFA (dataset ampliado con fines academicos)
2019,Tucuman,18-29,Mujer,9.36,43.9,16.1,54.1,31.1,Alto,Bajo,SEDRONAR / ENCoPraC / COFA (dataset ampliado con fines academicos)
2019,Tucuman,18-29,Varon,6.79,24.5,7.2,66.7,49.8,Medio,Bajo,SEDRONAR / ENCoPraC / COFA (dataset ampliado con fines academicos)
2019,Tucuman,30-44,Mujer,10.28,33.5,17.9,46.7,35.6,Alto,Bajo,SEDRONAR / ENCoPraC / COFA (dataset ampliado con fines academicos)
2019,Tucuman,30-44,Varon,8.08,37.2,14.1,73.7,30.2,Bajo,Bajo,SEDRONAR / ENCoPraC / COFA (dataset ampliado con fines academicos)
2019,Tucuman,45-59,Mujer,13.02,41.0,16.9,64.5,35.1,Medio,Bajo,SEDRONAR / ENCoPraC / COFA (dataset ampliado con fines academicos)
2019,Tucuman,45-59,Varon,9.71,34.5,14.1,78.2,48.3,Bajo,Bajo,SEDRONAR / ENCoPraC / COFA (dataset ampliado con fines academicos)
2019,Tucuman,60+,Mujer,13.96,32.3,5.5,62.3,36.4,Bajo,Bajo,SEDRONAR / ENCoPraC / COFA (dataset ampliado con fines academicos)
2019,Tucuman,60+,Varon,10.7,32.7,5.4,41.8,46.0,Medio,Bajo,SEDRONAR / ENCoPraC / COFA (dataset ampliado con fines academicos)
2019,Salta,18-29,Mujer,8.87,38.1,7.8,69.9,20.9,Bajo,Bajo,SEDRONAR / ENCoPraC / COFA (dataset ampliado con fines academicos)
2019,Salta,18-29,Varon,6.24,30.9,12.0,70.6,42.7,Alto,Bajo,SEDRONAR / ENCoPraC / COFA (dataset ampliado con fines academicos)
2019,Salta,30-44,Mujer,9.35,38.9,8.5,61.1,20.7,Bajo,Bajo,SEDRONAR / ENCoPraC / COFA (dataset ampliado con fines academicos)
2019,Salta,30-44,Varon,7.83,43.9,15.9,73.4,31.9,Bajo,Bajo,SEDRONAR / ENCoPraC / COFA (dataset ampliado con fines academicos)
2019,Salta,45-59,Mujer,11.99,31.5,14.3,71.7,27.5,Alto,Bajo,SEDRONAR / ENCoPraC / COFA (dataset ampliado con fines academicos)
2019,Salta,45-59,Varon,8.86,37.1,12.2,69.4,32.3,Bajo,Bajo,SEDRONAR / ENCoPraC / COFA (dataset ampliado con fines academicos)
2019,Salta,60+,Mujer,14.94,15.4,6.5,42.2,19.4,Alto,Bajo,SEDRONAR / ENCoPraC / COFA (dataset ampliado con fines academicos)
2019,Salta,60+,Varon,10.11,36.1,11.2,44.7,34.7,Medio,Bajo,SEDRONAR / ENCoPraC / COFA (dataset ampliado con fines academicos)
2019,Chaco,18-29,Mujer,8.54,27.0,13.0,70.5,19.5,Medio,Bajo,SEDRONAR / ENCoPraC / COFA (dataset ampliado con fines academicos)
2019,Chaco,18-29,Varon,6.05,33.8,11.5,81.1,40.4,Bajo,Bajo,SEDRONAR / ENCoPraC / COFA (dataset ampliado con fines academicos)
2019,Chaco,30-44,Mujer,10.28,15.8,12.6,85.1,37.6,Medio,Bajo,SEDRONAR / ENCoPraC / COFA (dataset ampliado con fines academicos)
2019,Chaco,30-44,Varon,7.36,34.3,11.0,66.2,50.0,Medio,Bajo,SEDRONAR / ENCoPraC / COFA (dataset ampliado con fines academicos)
2019,Chaco,45-59,Mujer,12.18,17.1,9.1,80.6,18.8,Alto,Bajo,SEDRONAR / ENCoPraC / COFA (dataset ampliado con fines academicos)
2019,Chaco,45-59,Varon,8.68,23.5,6.5,73.4,39.4,Alto,Bajo,SEDRONAR / ENCoPraC / COFA (dataset ampliado con fines academicos)
2019,Chaco,60+,Mujer,14.3,23.5,7.3,76.0,45.4,Alto,Bajo,SEDRONAR / ENCoPraC / COFA (dataset ampliado con fines academicos)
2019,Chaco,60+,Varon,10.57,27.4,9.8,77.3,29.6,Alto,Bajo,SEDRONAR / ENCoPraC / COFA (dataset ampliado con fines academicos)
2019,Neuquen,18-29,Mujer,9.72,37.5,14.8,44.9,48.7,Medio,Bajo,SEDRONAR / ENCoPraC / COFA (dataset ampliado con fines academicos)
2019,Neuquen,18-29,Varon,7.73,39.8,9.2,83.0,31.2,Bajo,Bajo,SEDRONAR / ENCoPraC / COFA (dataset ampliado con fines academicos)
2019,Neuquen,30-44,Mujer,11.75,43.5,12.5,70.3,33.2,Bajo,Bajo,SEDRONAR / ENCoPraC / COFA (dataset ampliado con fines academicos)
2019,Neuquen,30-44,Varon,8.57,24.9,13.7,76.1,44.9,Medio,Bajo,SEDRONAR / ENCoPraC / COFA (dataset ampliado con fines academicos)
2019,Neuquen,45-59,Mujer,13.64,16.7,12.1,61.2,48.2,Medio,Bajo,SEDRONAR / ENCoPraC / COFA (dataset ampliado con fines academicos)
2019,Neuquen,45-59,Varon,9.72,18.5,6.9,76.6,39.0,Bajo,Bajo,SEDRONAR / ENCoPraC / COFA (dataset ampliado con fines academicos)
2019,Neuquen,60+,Mujer,15.8,17.2,15.7,73.9,20.8,Bajo,Bajo,SEDRONAR / ENCoPraC / COFA (dataset ampliado con fines academicos)
2019,Neuquen,60+,Varon,11.35,44.6,9.9,57.8,45.6,Alto,Bajo,SEDRONAR / ENCoPraC / COFA (dataset ampliado con fines academicos)
2019,Tierra del Fuego,18-29,Mujer,10.23,38.3,12.3,60.4,48.8,Bajo,Bajo,SEDRONAR / ENCoPraC / COFA (dataset ampliado con fines academicos)
2019,Tierra del Fuego,18-29,Varon,7.83,29.8,5.1,62.5,19.9,Bajo,Bajo,SEDRONAR / ENCoPraC / COFA (dataset ampliado con fines academicos)
2019,Tierra del Fuego,30-44,Mujer,12.69,37.4,12.6,86.2,30.7,Bajo,Bajo,SEDRONAR / ENCoPraC / COFA (dataset ampliado con fines academicos)
2019,Tierra del Fuego,30-44,Varon,8.93,41.1,7.9,86.2,18.4,Alto,Bajo,SEDRONAR / ENCoPraC / COFA (dataset ampliado con fines academicos)
2019,Tierra del Fuego,45-59,Mujer,14.9,17.2,12.2,86.5,35.8,Medio,Bajo,SEDRONAR / ENCoPraC / COFA (dataset ampliado con fines academicos)
2019,Tierra del Fuego,45-59,Varon,11.0,35.9,10.9,70.1,37.9,Alto,Bajo,SEDRONAR / ENCoPraC / COFA (dataset ampliado con fines academicos)
2019,Tierra del Fuego,60+,Mujer,18.71,23.3,7.4,62.3,30.0,Medio,Bajo,SEDRONAR / ENCoPraC / COFA (dataset ampliado con fines academicos)
2019,Tierra del Fuego,60+,Varon,12.07,17.3,17.7,87.3,41.7,Medio,Bajo,SEDRONAR / ENCoPraC / COFA (dataset ampliado con fines academicos)
2020,Buenos Aires,18-29,Mujer,13.53,35.5,7.1,83.7,46.0,Alto,Alto,SEDRONAR / ENCoPraC / COFA (dataset ampliado con fines academicos)
2020,Buenos Aires,18-29,Varon,9.36,36.8,13.0,60.1,49.7,Alto,Alto,SEDRONAR / ENCoPraC / COFA (dataset ampliado con fines academicos)
2020,Buenos Aires,30-44,Mujer,16.09,44.6,7.0,68.5,31.0,Alto,Alto,SEDRONAR / ENCoPraC / COFA (dataset ampliado con fines academicos)
2020,Buenos Aires,30-44,Varon,11.07,40.3,15.9,62.5,32.1,Bajo,Alto,SEDRONAR / ENCoPraC / COFA (dataset ampliado con fines academicos)
2020,Buenos Aires,45-59,Mujer,17.94,38.1,17.3,80.8,26.4,Medio,Alto,SEDRONAR / ENCoPraC / COFA (dataset ampliado con fines academicos)
2020,Buenos Aires,45-59,Varon,13.41,18.9,17.4,69.1,25.8,Medio,Alto,SEDRONAR / ENCoPraC / COFA (dataset ampliado con fines academicos)
2020,Buenos Aires,60+,Mujer,18.94,18.4,13.7,65.0,44.3,Medio,Alto,SEDRONAR / ENCoPraC / COFA (dataset ampliado con fines academicos)
2020,Buenos Aires,60+,Varon,16.28,40.6,12.2,66.9,47.8,Medio,Alto,SEDRONAR / ENCoPraC / COFA (dataset ampliado con fines academicos)
2020,CABA,18-29,Mujer,14.5,36.1,7.8,46.5,18.5,Medio,Alto,SEDRONAR / ENCoPraC / COFA (dataset ampliado con fines academicos)
2020,CABA,18-29,Varon,11.19,32.7,10.1,61.0,48.7,Bajo,Alto,SEDRONAR / ENCoPraC / COFA (dataset ampliado con fines academicos)
2020,CABA,30-44,Mujer,17.76,26.9,13.1,81.4,50.3,Bajo,Alto,SEDRONAR / ENCoPraC / COFA (dataset ampliado con fines academicos)
2020,CABA,30-44,Varon,12.37,42.8,11.4,52.4,33.6,Alto,Alto,SEDRONAR / ENCoPraC / COFA (dataset ampliado con fines academicos)
2020,CABA,45-59,Mujer,17.48,34.0,8.1,43.6,22.4,Bajo,Alto,SEDRONAR / ENCoPraC / COFA (dataset ampliado con fines academicos)
2020,CABA,45-59,Varon,14.47,19.6,6.8,70.8,24.2,Bajo,Alto,SEDRONAR / ENCoPraC / COFA (dataset ampliado con fines academicos)
2020,CABA,60+,Mujer,22.23,35.0,7.2,49.2,19.4,Bajo,Alto,SEDRONAR / ENCoPraC / COFA (dataset ampliado con fines academicos)
2020,CABA,60+,Varon,17.43,23.4,7.3,44.3,22.1,Medio,Alto,SEDRONAR / ENCoPraC / COFA (dataset ampliado con fines academicos)
2020,Cordoba,18-29,Mujer,11.47,30.1,14.0,41.9,45.2,Medio,Alto,SEDRONAR / ENCoPraC / COFA (dataset ampliado con fines academicos)
2020,Cordoba,18-29,Varon,8.27,17.5,16.4,84.2,20.1,Bajo,Alto,SEDRONAR / ENCoPraC / COFA (dataset ampliado con fines academicos)
2020,Cordoba,30-44,Mujer,14.3,20.5,7.7,57.8,34.5,Medio,Alto,SEDRONAR / ENCoPraC / COFA (dataset ampliado con fines academicos)
2020,Cordoba,30-44,Varon,10.74,26.1,11.0,75.9,19.2,Bajo,Alto,SEDRONAR / ENCoPraC / COFA (dataset ampliado con fines academicos)
2020,Cordoba,45-59,Mujer,16.85,30.4,11.9,45.1,33.2,Medio,Alto,SEDRONAR / ENCoPraC / COFA (dataset ampliado con fines academicos)
2020,Cordoba,45-59,Varon,12.4,22.3,8.5,58.1,18.7,Bajo,Alto,SEDRONAR / ENCoPraC / COFA (dataset ampliado con fines academicos)
2020,Cordoba,60+,Mujer,18.13,18.6,16.6,68.5,41.1,Medio,Alto,SEDRONAR / ENCoPraC / COFA (dataset ampliado con fines academicos)
2020,Cordoba,60+,Varon,13.22,30.0,6.1,65.8,38.0,Medio,Alto,SEDRONAR / ENCoPraC / COFA (dataset ampliado con fines academicos)
2020,Santa Fe,18-29,Mujer,10.97,23.5,9.7,71.0,37.4,Medio,Alto,SEDRONAR / ENCoPraC / COFA (dataset ampliado con fines academicos)
2020,Santa Fe,18-29,Varon,8.55,44.6,12.9,51.4,21.5,Bajo,Alto,SEDRONAR / ENCoPraC / COFA (dataset ampliado con fines academicos)
2020,Santa Fe,30-44,Mujer,13.17,20.6,8.7,48.3,48.5,Bajo,Alto,SEDRONAR / ENCoPraC / COFA (dataset ampliado con fines academicos)
2020,Santa Fe,30-44,Varon,9.9,30.7,10.3,87.2,21.8,Medio,Alto,SEDRONAR / ENCoPraC / COFA (dataset ampliado con fines academicos)
2020,Santa Fe,45-59,Mujer,15.6,20.1,13.7,84.6,36.9,Medio,Alto,SEDRONAR / ENCoPraC / COFA (dataset ampliado con fines academicos)
2020,Santa Fe,45-59,Varon,12.43,23.4,15.0,49.0,29.0,Medio,Alto,SEDRONAR / ENCoPraC / COFA (dataset ampliado con fines academicos)
2020,Santa Fe,60+,Mujer,16.88,18.4,12.9,53.9,37.8,Bajo,Alto,SEDRONAR / ENCoPraC / COFA (dataset ampliado con fines academicos)
2020,Santa Fe,60+,Varon,13.74,29.4,11.9,42.5,29.4,Bajo,Alto,SEDRONAR / ENCoPraC / COFA (dataset ampliado con fines academicos)
2020,Mendoza,18-29,Mujer,11.56,22.6,13.9,76.5,38.3,Medio,Alto,SEDRONAR / ENCoPraC / COFA (dataset ampliado con fines academicos)
2020,Mendoza,18-29,Varon,7.97,27.4,9.5,84.6,46.2,Alto,Alto,SEDRONAR / ENCoPraC / COFA (dataset ampliado con fines academicos)
2020,Mendoza,30-44,Mujer,13.19,43.2,7.4,43.2,43.2,Medio,Alto,SEDRONAR / ENCoPraC / COFA (dataset ampliado con fines academicos)
2020,Mendoza,30-44,Varon,9.37,40.3,6.8,78.2,24.9,Bajo,Alto,SEDRONAR / ENCoPraC / COFA (dataset ampliado con fines academicos)
2020,Mendoza,45-59,Mujer,15.58,35.0,11.8,57.2,47.8,Medio,Alto,SEDRONAR / ENCoPraC / COFA (dataset ampliado con fines academicos)
2020,Mendoza,45-59,Varon,11.16,39.5,10.7,58.1,33.7,Bajo,Alto,SEDRONAR / ENCoPraC / COFA (dataset ampliado con fines academicos)
2020,Mendoza,60+,Mujer,17.5,22.0,16.7,58.4,36.5,Alto,Alto,SEDRONAR / ENCoPraC / COFA (dataset ampliado con fines academicos)
2020,Mendoza,60+,Varon,14.13,33.7,6.5,85.1,39.3,Bajo,Alto,SEDRONAR / ENCoPraC / COFA (dataset ampliado con fines academicos)
2020,Tucuman,18-29,Mujer,10.62,33.6,11.9,82.9,44.8,Bajo,Alto,SEDRONAR / ENCoPraC / COFA (dataset ampliado con fines academicos)
2020,Tucuman,18-29,Varon,7.63,24.4,8.2,75.7,19.1,Medio,Alto,SEDRONAR / ENCoPraC / COFA (dataset ampliado con fines academicos)
2020,Tucuman,30-44,Mujer,12.59,25.3,15.7,45.3,46.8,Bajo,Alto,SEDRONAR / ENCoPraC / COFA (dataset ampliado con fines academicos)
2020,Tucuman,30-44,Varon,9.32,26.9,15.4,47.2,25.8,Medio,Alto,SEDRONAR / ENCoPraC / COFA (dataset ampliado con fines academicos)
2020,Tucuman,45-59,Mujer,15.13,35.8,12.1,52.1,29.8,Bajo,Alto,SEDRONAR / ENCoPraC / COFA (dataset ampliado con fines academicos)
2020,Tucuman,45-59,Varon,11.55,42.3,12.6,59.2,33.7,Alto,Alto,SEDRONAR / ENCoPraC / COFA (dataset ampliado con fines academicos)
2020,Tucuman,60+,Mujer,16.82,30.2,12.9,40.9,47.7,Alto,Alto,SEDRONAR / ENCoPraC / COFA (dataset ampliado con fines academicos)
2020,Tucuman,60+,Varon,11.68,32.0,14.1,84.3,42.0,Bajo,Alto,SEDRONAR / ENCoPraC / COFA (dataset ampliado con fines academicos)
2020,Salta,18-29,Mujer,11.06,27.7,14.6,84.8,49.5,Medio,Alto,SEDRONAR / ENCoPraC / COFA (dataset ampliado con fines academicos)
2020,Salta,18-29,Varon,8.05,18.4,17.8,80.3,22.2,Alto,Alto,SEDRONAR / ENCoPraC / COFA (dataset ampliado con fines academicos)
2020,Salta,30-44,Mujer,11.93,32.7,10.2,42.6,29.4,Alto,Alto,SEDRONAR / ENCoPraC / COFA (dataset ampliado con fines academicos)
2020,Salta,30-44,Varon,9.36,15.1,9.3,59.1,36.3,Alto,Alto,SEDRONAR / ENCoPraC / COFA (dataset ampliado con fines academicos)
2020,Salta,45-59,Mujer,13.13,37.1,10.9,50.8,33.4,Bajo,Alto,SEDRONAR / ENCoPraC / COFA (dataset ampliado con fines academicos)
2020,Salta,45-59,Varon,9.79,20.3,11.5,60.1,49.1,Medio,Alto,SEDRONAR / ENCoPraC / COFA (dataset ampliado con fines academicos)
2020,Salta,60+,Mujer,17.54,15.4,13.6,48.5,50.7,Bajo,Alto,SEDRONAR / ENCoPraC / COFA (dataset ampliado con fines academicos)
2020,Salta,60+,Varon,12.65,27.4,6.1,87.8,35.1,Medio,Alto,SEDRONAR / ENCoPraC / COFA (dataset ampliado con fines academicos)
2020,Chaco,18-29,Mujer,9.89,21.3,16.7,49.8,24.5,Bajo,Alto,SEDRONAR / ENCoPraC / COFA (dataset ampliado con fines academicos)
2020,Chaco,18-29,Varon,7.36,29.2,12.3,43.2,44.4,Medio,Alto,SEDRONAR / ENCoPraC / COFA (dataset ampliado con fines academicos)
2020,Chaco,30-44,Mujer,10.09,27.0,12.3,47.5,24.2,Alto,Alto,SEDRONAR / ENCoPraC / COFA (dataset ampliado con fines academicos)
2020,Chaco,30-44,Varon,9.15,43.4,9.9,53.0,39.9,Medio,Alto,SEDRONAR / ENCoPraC / COFA (dataset ampliado con fines academicos)
2020,Chaco,45-59,Mujer,14.37,15.8,7.9,51.1,40.8,Bajo,Alto,SEDRONAR / ENCoPraC / COFA (dataset ampliado con fines academicos)
2020,Chaco,45-59,Varon,10.89,18.1,15.4,48.6,40.2,Bajo,Alto,SEDRONAR / ENCoPraC / COFA (dataset ampliado con fines academicos)
2020,Chaco,60+,Mujer,15.51,36.7,16.1,79.9,31.5,Medio,Alto,SEDRONAR / ENCoPraC / COFA (dataset ampliado con fines academicos)
2020,Chaco,60+,Varon,11.49,21.1,8.8,83.0,18.4,Bajo,Alto,SEDRONAR / ENCoPraC / COFA (dataset ampliado con fines academicos)
2020,Neuquen,18-29,Mujer,11.42,27.6,16.6,79.2,29.6,Bajo,Alto,SEDRONAR / ENCoPraC / COFA (dataset ampliado con fines academicos)
2020,Neuquen,18-29,Varon,7.85,26.4,12.7,52.9,39.2,Medio,Alto,SEDRONAR / ENCoPraC / COFA (dataset ampliado con fines academicos)
2020,Neuquen,30-44,Mujer,11.84,23.8,17.3,76.7,22.8,Alto,Alto,SEDRONAR / ENCoPraC / COFA (dataset ampliado con fines academicos)
2020,Neuquen,30-44,Varon,10.69,29.6,16.6,78.4,32.5,Bajo,Alto,SEDRONAR / ENCoPraC / COFA (dataset ampliado con fines academicos)
2020,Neuquen,45-59,Mujer,15.83,34.0,8.4,46.7,46.4,Alto,Alto,SEDRONAR / ENCoPraC / COFA (dataset ampliado con fines academicos)
2020,Neuquen,45-59,Varon,10.64,30.8,7.2,53.1,18.6,Alto,Alto,SEDRONAR / ENCoPraC / COFA (dataset ampliado con fines academicos)
2020,Neuquen,60+,Mujer,18.02,23.2,12.2,71.3,46.2,Bajo,Alto,SEDRONAR / ENCoPraC / COFA (dataset ampliado con fines academicos)
2020,Neuquen,60+,Varon,12.65,15.3,6.8,83.2,47.7,Medio,Alto,SEDRONAR / ENCoPraC / COFA (dataset ampliado con fines academicos)
2020,Tierra del Fuego,18-29,Mujer,13.14,20.3,16.9,60.1,31.0,Medio,Alto,SEDRONAR / ENCoPraC / COFA (dataset ampliado con fines academicos)
2020,Tierra del Fuego,18-29,Varon,9.51,16.4,7.2,75.4,20.8,Medio,Alto,SEDRONAR / ENCoPraC / COFA (dataset ampliado con fines academicos)
2020,Tierra del Fuego,30-44,Mujer,13.84,23.7,9.6,74.5,28.1,Medio,Alto,SEDRONAR / ENCoPraC / COFA (dataset ampliado con fines academicos)
2020,Tierra del Fuego,30-44,Varon,9.9,29.3,13.6,85.0,42.9,Bajo,Alto,SEDRONAR / ENCoPraC / COFA (dataset ampliado con fines academicos)
2020,Tierra del Fuego,45-59,Mujer,16.36,29.9,12.8,56.0,44.2,Bajo,Alto,SEDRONAR / ENCoPraC / COFA (dataset ampliado con fines academicos)
2020,Tierra del Fuego,45-59,Varon,12.64,17.3,14.5,63.8,41.4,Medio,Alto,SEDRONAR / ENCoPraC / COFA (dataset ampliado con fines academicos)
2020,Tierra del Fuego,60+,Mujer,19.95,39.0,14.0,53.1,38.1,Medio,Alto,SEDRONAR / ENCoPraC / COFA (dataset ampliado con fines academicos)
2020,Tierra del Fuego,60+,Varon,13.97,17.7,16.9,46.6,50.3,Medio,Alto,SEDRONAR / ENCoPraC / COFA (dataset ampliado con fines academicos)
2021,Buenos Aires,18-29,Mujer,14.43,41.2,14.5,78.7,40.4,Medio,Alto,SEDRONAR / ENCoPraC / COFA (dataset ampliado con fines academicos)
2021,Buenos Aires,18-29,Varon,9.95,40.5,8.2,63.5,25.5,Alto,Alto,SEDRONAR / ENCoPraC / COFA (dataset ampliado con fines academicos)
2021,Buenos Aires,30-44,Mujer,17.19,20.4,12.4,83.9,19.2,Medio,Alto,SEDRONAR / ENCoPraC / COFA (dataset ampliado con fines academicos)
2021,Buenos Aires,30-44,Varon,12.68,23.9,17.0,86.6,50.1,Medio,Alto,SEDRONAR / ENCoPraC / COFA (dataset ampliado con fines academicos)
2021,Buenos Aires,45-59,Mujer,19.88,24.6,15.8,41.8,38.3,Bajo,Alto,SEDRONAR / ENCoPraC / COFA (dataset ampliado con fines academicos)
2021,Buenos Aires,45-59,Varon,14.83,18.6,6.0,73.4,29.6,Medio,Alto,SEDRONAR / ENCoPraC / COFA (dataset ampliado con fines academicos)
2021,Buenos Aires,60+,Mujer,22.5,31.2,15.3,55.3,39.3,Alto,Alto,SEDRONAR / ENCoPraC / COFA (dataset ampliado con fines academicos)
2021,Buenos Aires,60+,Varon,16.57,33.5,8.0,41.2,47.6,Bajo,Alto,SEDRONAR / ENCoPraC / COFA (dataset ampliado con fines academicos)
2021,CABA,18-29,Mujer,15.61,43.2,15.4,87.9,29.9,Medio,Alto,SEDRONAR / ENCoPraC / COFA (dataset ampliado con fines academicos)
2021,CABA,18-29,Varon,12.21,27.1,11.2,70.1,47.7,Alto,Alto,SEDRONAR / ENCoPraC / COFA (dataset ampliado con fines academicos)
2021,CABA,30-44,Mujer,17.88,27.6,14.6,51.5,21.8,Medio,Alto,SEDRONAR / ENCoPraC / COFA (dataset ampliado con fines academicos)
2021,CABA,30-44,Varon,14.63,23.6,8.9,51.2,19.4,Bajo,Alto,SEDRONAR / ENCoPraC / COFA (dataset ampliado con fines academicos)
2021,CABA,45-59,Mujer,21.54,26.5,13.8,50.5,50.3,Medio,Alto,SEDRONAR / ENCoPraC / COFA (dataset ampliado con fines academicos)
2021,CABA,45-59,Varon,16.28,17.7,10.4,82.2,50.1,Medio,Alto,SEDRONAR / ENCoPraC / COFA (dataset ampliado con fines academicos)
2021,CABA,60+,Mujer,23.31,44.7,8.0,85.3,40.1,Medio,Alto,SEDRONAR / ENCoPraC / COFA (dataset ampliado con fines academicos)
2021,CABA,60+,Varon,18.77,30.4,8.0,48.5,25.5,Bajo,Alto,SEDRONAR / ENCoPraC / COFA (dataset ampliado con fines academicos)
2021,Cordoba,18-29,Mujer,12.64,16.7,17.6,82.4,49.5,Alto,Alto,SEDRONAR / ENCoPraC / COFA (dataset ampliado con fines academicos)
2021,Cordoba,18-29,Varon,10.32,20.2,10.2,76.4,41.7,Bajo,Alto,SEDRONAR / ENCoPraC / COFA (dataset ampliado con fines academicos)
2021,Cordoba,30-44,Mujer,14.94,21.7,12.0,68.5,37.7,Bajo,Alto,SEDRONAR / ENCoPraC / COFA (dataset ampliado con fines academicos)
2021,Cordoba,30-44,Varon,11.82,41.3,8.5,46.2,48.2,Alto,Alto,SEDRONAR / ENCoPraC / COFA (dataset ampliado con fines academicos)
2021,Cordoba,45-59,Mujer,18.39,34.7,12.2,44.2,31.9,Medio,Alto,SEDRONAR / ENCoPraC / COFA (dataset ampliado con fines academicos)
2021,Cordoba,45-59,Varon,13.75,22.8,14.4,63.8,20.8,Bajo,Alto,SEDRONAR / ENCoPraC / COFA (dataset ampliado con fines academicos)
2021,Cordoba,60+,Mujer,20.2,40.5,11.4,63.1,38.1,Alto,Alto,SEDRONAR / ENCoPraC / COFA (dataset ampliado con fines academicos)
2021,Cordoba,60+,Varon,15.64,25.4,13.8,67.2,27.1,Alto,Alto,SEDRONAR / ENCoPraC / COFA (dataset ampliado con fines academicos)
2021,Santa Fe,18-29,Mujer,13.19,40.5,16.3,74.0,46.5,Medio,Alto,SEDRONAR / ENCoPraC / COFA (dataset ampliado con fines academicos)
2021,Santa Fe,18-29,Varon,10.08,35.4,13.0,76.1,23.4,Alto,Alto,SEDRONAR / ENCoPraC / COFA (dataset ampliado con fines academicos)
2021,Santa Fe,30-44,Mujer,14.95,25.1,14.7,47.7,45.8,Alto,Alto,SEDRONAR / ENCoPraC / COFA (dataset ampliado con fines academicos)
2021,Santa Fe,30-44,Varon,11.32,30.2,5.1,53.8,39.0,Alto,Alto,SEDRONAR / ENCoPraC / COFA (dataset ampliado con fines academicos)
2021,Santa Fe,45-59,Mujer,16.57,34.0,12.0,77.4,21.6,Medio,Alto,SEDRONAR / ENCoPraC / COFA (dataset ampliado con fines academicos)
2021,Santa Fe,45-59,Varon,13.76,31.2,17.5,56.4,39.5,Alto,Alto,SEDRONAR / ENCoPraC / COFA (dataset ampliado con fines academicos)
2021,Santa Fe,60+,Mujer,19.89,24.0,14.2,43.2,37.8,Bajo,Alto,SEDRONAR / ENCoPraC / COFA (dataset ampliado con fines academicos)
2021,Santa Fe,60+,Varon,15.32,33.6,5.6,81.8,51.1,Alto,Alto,SEDRONAR / ENCoPraC / COFA (dataset ampliado con fines academicos)
2021,Mendoza,18-29,Mujer,11.85,37.7,5.3,41.1,29.0,Medio,Alto,SEDRONAR / ENCoPraC / COFA (dataset ampliado con fines academicos)
2021,Mendoza,18-29,Varon,9.26,38.1,13.9,61.4,27.3,Alto,Alto,SEDRONAR / ENCoPraC / COFA (dataset ampliado con fines academicos)
2021,Mendoza,30-44,Mujer,13.3,19.9,15.3,73.3,25.5,Bajo,Alto,SEDRONAR / ENCoPraC / COFA (dataset ampliado con fines academicos)
2021,Mendoza,30-44,Varon,9.52,35.4,13.5,53.1,50.3,Bajo,Alto,SEDRONAR / ENCoPraC / COFA (dataset ampliado con fines academicos)
2021,Mendoza,45-59,Mujer,17.47,27.6,13.3,59.1,27.3,Alto,Alto,SEDRONAR / ENCoPraC / COFA (dataset ampliado con fines academicos)
2021,Mendoza,45-59,Varon,12.56,27.3,16.6,51.0,25.2,Bajo,Alto,SEDRONAR / ENCoPraC / COFA (dataset ampliado con fines academicos)
2021,Mendoza,60+,Mujer,18.15,40.9,11.2,86.5,24.3,Alto,Alto,SEDRONAR / ENCoPraC / COFA (dataset ampliado con fines academicos)
2021,Mendoza,60+,Varon,15.48,38.3,15.0,80.5,43.9,Medio,Alto,SEDRONAR / ENCoPraC / COFA (dataset ampliado con fines academicos)
2021,Tucuman,18-29,Mujer,11.68,38.9,11.3,45.6,22.3,Medio,Alto,SEDRONAR / ENCoPraC / COFA (dataset ampliado con fines academicos)
2021,Tucuman,18-29,Varon,8.93,27.9,7.6,63.6,20.2,Medio,Alto,SEDRONAR / ENCoPraC / COFA (dataset ampliado con fines academicos)
2021,Tucuman,30-44,Mujer,14.18,24.3,10.9,40.6,20.5,Medio,Alto,SEDRONAR / ENCoPraC / COFA (dataset ampliado con fines academicos)
2021,Tucuman,30-44,Varon,9.82,29.4,12.8,54.0,41.6,Alto,Alto,SEDRONAR / ENCoPraC / COFA (dataset ampliado con fines academicos)
2021,Tucuman,45-59,Mujer,15.28,22.3,17.8,46.8,35.0,Medio,Alto,SEDRONAR / ENCoPraC / COFA (dataset ampliado con fines academicos)
2021,Tucuman,45-59,Varon,11.95,36.1,12.3,40.5,29.1,Medio,Alto,SEDRONAR / ENCoPraC / COFA (dataset ampliado con fines academicos)
2021,Tucuman,60+,Mujer,18.14,16.0,6.0,59.1,22.5,Medio,Alto,SEDRONAR / ENCoPraC / COFA (dataset ampliado con fines academicos)
2021,Tucuman,60+,Varon,13.23,35.7,15.4,49.6,23.7,Bajo,Alto,SEDRONAR / ENCoPraC / COFA (dataset ampliado con fines academicos)
2021,Salta,18-29,Mujer,11.98,15.9,17.2,42.5,36.4,Medio,Alto,SEDRONAR / ENCoPraC / COFA (dataset ampliado con fines academicos)
2021,Salta,18-29,Varon,8.73,41.1,14.3,78.5,29.5,Alto,Alto,SEDRONAR / ENCoPraC / COFA (dataset ampliado con fines academicos)
2021,Salta,30-44,Mujer,14.04,28.6,13.4,65.3,42.9,Bajo,Alto,SEDRONAR / ENCoPraC / COFA (dataset ampliado con fines academicos)
2021,Salta,30-44,Varon,9.92,16.8,8.2,47.7,47.6,Bajo,Alto,SEDRONAR / ENCoPraC / COFA (dataset ampliado con fines academicos)
2021,Salta,45-59,Mujer,15.95,34.8,11.5,66.7,42.5,Bajo,Alto,SEDRONAR / ENCoPraC / COFA (dataset ampliado con fines academicos)
2021,Salta,45-59,Varon,11.26,44.9,17.7,71.2,24.8,Medio,Alto,SEDRONAR / ENCoPraC / COFA (dataset ampliado con fines academicos)
2021,Salta,60+,Mujer,17.55,41.0,14.5,75.6,32.5,Bajo,Alto,SEDRONAR / ENCoPraC / COFA (dataset ampliado con fines academicos)
2021,Salta,60+,Varon,12.15,26.1,17.8,41.9,47.5,Medio,Alto,SEDRONAR / ENCoPraC / COFA (dataset ampliado con fines academicos)
2021,Chaco,18-29,Mujer,11.87,29.6,16.4,83.2,32.3,Bajo,Alto,SEDRONAR / ENCoPraC / COFA (dataset ampliado con fines academicos)
2021,Chaco,18-29,Varon,7.97,32.8,16.9,50.1,39.2,Medio,Alto,SEDRONAR / ENCoPraC / COFA (dataset ampliado con fines academicos)
2021,Chaco,30-44,Mujer,12.47,36.5,16.8,48.6,26.1,Alto,Alto,SEDRONAR / ENCoPraC / COFA (dataset ampliado con fines academicos)
2021,Chaco,30-44,Varon,9.79,20.4,16.1,63.6,26.4,Alto,Alto,SEDRONAR / ENCoPraC / COFA (dataset ampliado con fines academicos)
2021,Chaco,45-59,Mujer,15.78,25.8,12.7,47.8,31.3,Alto,Alto,SEDRONAR / ENCoPraC / COFA (dataset ampliado con fines academicos)
2021,Chaco,45-59,Varon,9.72,22.7,13.5,55.6,44.3,Bajo,Alto,SEDRONAR / ENCoPraC / COFA (dataset ampliado con fines academicos)
2021,Chaco,60+,Mujer,17.34,22.1,6.0,48.1,35.7,Bajo,Alto,SEDRONAR / ENCoPraC / COFA (dataset ampliado con fines academicos)
2021,Chaco,60+,Varon,13.27,39.9,10.6,51.9,39.0,Medio,Alto,SEDRONAR / ENCoPraC / COFA (dataset ampliado con fines academicos)
2021,Neuquen,18-29,Mujer,12.22,16.1,14.6,71.9,34.1,Alto,Alto,SEDRONAR / ENCoPraC / COFA (dataset ampliado con fines academicos)
2021,Neuquen,18-29,Varon,9.11,39.2,12.6,81.7,25.0,Bajo,Alto,SEDRONAR / ENCoPraC / COFA (dataset ampliado con fines academicos)
2021,Neuquen,30-44,Mujer,14.58,30.9,17.2,41.9,22.2,Medio,Alto,SEDRONAR / ENCoPraC / COFA (dataset ampliado con fines academicos)
2021,Neuquen,30-44,Varon,10.89,43.0,9.1,64.3,19.4,Bajo,Alto,SEDRONAR / ENCoPraC / COFA (dataset ampliado con fines academicos)
2021,Neuquen,45-59,Mujer,18.06,28.6,11.7,63.5,40.7,Bajo,Alto,SEDRONAR / ENCoPraC / COFA (dataset ampliado con fines academicos)
2021,Neuquen,45-59,Varon,13.1,15.9,9.0,73.8,24.9,Medio,Alto,SEDRONAR / ENCoPraC / COFA (dataset ampliado con fines academicos)
2021,Neuquen,60+,Mujer,19.14,41.0,7.3,73.2,46.5,Alto,Alto,SEDRONAR / ENCoPraC / COFA (dataset ampliado con fines academicos)
2021,Neuquen,60+,Varon,16.14,35.5,11.5,69.7,47.5,Medio,Alto,SEDRONAR / ENCoPraC / COFA (dataset ampliado con fines academicos)
2021,Tierra del Fuego,18-29,Mujer,14.17,21.5,13.6,58.9,40.1,Bajo,Alto,SEDRONAR / ENCoPraC / COFA (dataset ampliado con fines academicos)
2021,Tierra del Fuego,18-29,Varon,10.61,34.7,18.0,42.3,51.2,Medio,Alto,SEDRONAR / ENCoPraC / COFA (dataset ampliado con fines academicos)
2021,Tierra del Fuego,30-44,Mujer,16.06,32.0,14.6,82.2,31.7,Bajo,Alto,SEDRONAR / ENCoPraC / COFA (dataset ampliado con fines academicos)
2021,Tierra del Fuego,30-44,Varon,12.03,35.0,15.5,76.6,45.1,Medio,Alto,SEDRONAR / ENCoPraC / COFA (dataset ampliado con fines academicos)
2021,Tierra del Fuego,45-59,Mujer,18.51,31.3,5.1,55.6,30.5,Medio,Alto,SEDRONAR / ENCoPraC / COFA (dataset ampliado con fines academicos)
2021,Tierra del Fuego,45-59,Varon,13.99,35.9,10.1,61.5,26.1,Medio,Alto,SEDRONAR / ENCoPraC / COFA (dataset ampliado con fines academicos)
2021,Tierra del Fuego,60+,Mujer,23.08,33.6,11.0,58.2,47.4,Medio,Alto,SEDRONAR / ENCoPraC / COFA (dataset ampliado con fines academicos)
2021,Tierra del Fuego,60+,Varon,16.71,29.4,5.3,56.4,30.9,Medio,Alto,SEDRONAR / ENCoPraC / COFA (dataset ampliado con fines academicos)
2022,Buenos Aires,18-29,Mujer,17.1,33.2,14.9,79.0,42.4,Alto,Moderado,SEDRONAR / ENCoPraC / COFA (dataset ampliado con fines academicos)
2022,Buenos Aires,18-29,Varon,13.61,15.5,7.5,40.4,40.0,Alto,Moderado,SEDRONAR / ENCoPraC / COFA (dataset ampliado con fines academicos)
2022,Buenos Aires,30-44,Mujer,19.23,16.8,17.1,56.9,21.4,Medio,Moderado,SEDRONAR / ENCoPraC / COFA (dataset ampliado con fines academicos)
2022,Buenos Aires,30-44,Varon,14.22,22.7,8.7,54.7,45.3,Medio,Moderado,SEDRONAR / ENCoPraC / COFA (dataset ampliado con fines academicos)
2022,Buenos Aires,45-59,Mujer,23.61,36.5,8.5,59.9,22.1,Bajo,Moderado,SEDRONAR / ENCoPraC / COFA (dataset ampliado con fines academicos)
2022,Buenos Aires,45-59,Varon,15.52,35.4,7.4,65.2,42.1,Bajo,Moderado,SEDRONAR / ENCoPraC / COFA (dataset ampliado con fines academicos)
2022,Buenos Aires,60+,Mujer,23.77,43.9,11.3,78.7,36.7,Bajo,Moderado,SEDRONAR / ENCoPraC / COFA (dataset ampliado con fines academicos)
2022,Buenos Aires,60+,Varon,19.69,34.0,17.4,68.9,45.9,Alto,Moderado,SEDRONAR / ENCoPraC / COFA (dataset ampliado con fines academicos)
2022,CABA,18-29,Mujer,17.06,33.3,10.3,80.3,48.6,Medio,Moderado,SEDRONAR / ENCoPraC / COFA (dataset ampliado con fines academicos)
2022,CABA,18-29,Varon,12.75,22.1,15.1,53.2,46.0,Medio,Moderado,SEDRONAR / ENCoPraC / COFA (dataset ampliado con fines academicos)
2022,CABA,30-44,Mujer,20.1,33.7,10.9,68.2,23.7,Medio,Moderado,SEDRONAR / ENCoPraC / COFA (dataset ampliado con fines academicos)
2022,CABA,30-44,Varon,15.73,40.9,7.8,44.6,18.8,Medio,Moderado,SEDRONAR / ENCoPraC / COFA (dataset ampliado con fines academicos)
2022,CABA,45-59,Mujer,25.72,22.0,10.1,68.5,34.9,Alto,Moderado,SEDRONAR / ENCoPraC / COFA (dataset ampliado con fines academicos)
2022,CABA,45-59,Varon,20.32,19.1,14.0,59.4,32.6,Medio,Moderado,SEDRONAR / ENCoPraC / COFA (dataset ampliado con fines academicos)
2022,CABA,60+,Mujer,28.88,23.2,6.0,44.1,48.4,Bajo,Moderado,SEDRONAR / ENCoPraC / COFA (dataset ampliado con fines academicos)
2022,CABA,60+,Varon,22.64,24.7,7.9,57.0,20.4,Medio,Moderado,SEDRONAR / ENCoPraC / COFA (dataset ampliado con fines academicos)
2022,Cordoba,18-29,Mujer,15.02,41.4,13.5,65.6,29.0,Bajo,Moderado,SEDRONAR / ENCoPraC / COFA (dataset ampliado con fines academicos)
2022,Cordoba,18-29,Varon,10.21,35.1,17.9,71.8,37.0,Medio,Moderado,SEDRONAR / ENCoPraC / COFA (dataset ampliado con fines academicos)
2022,Cordoba,30-44,Mujer,16.85,31.9,17.4,48.4,41.5,Bajo,Moderado,SEDRONAR / ENCoPraC / COFA (dataset ampliado con fines academicos)
2022,Cordoba,30-44,Varon,12.99,31.1,6.3,61.6,43.7,Bajo,Moderado,SEDRONAR / ENCoPraC / COFA (dataset ampliado con fines academicos)
2022,Cordoba,45-59,Mujer,21.74,42.8,8.1,59.2,23.2,Alto,Moderado,SEDRONAR / ENCoPraC / COFA (dataset ampliado con fines academicos)
2022,Cordoba,45-59,Varon,15.84,42.8,12.0,80.4,35.7,Medio,Moderado,SEDRONAR / ENCoPraC / COFA (dataset ampliado con fines academicos)
2022,Cordoba,60+,Mujer,23.81,18.8,15.7,77.5,42.1,Bajo,Moderado,SEDRONAR / ENCoPraC / COFA (dataset ampliado con fines academicos)
2022,Cordoba,60+,Varon,17.32,24.1,8.4,57.3,21.0,Alto,Moderado,SEDRONAR / ENCoPraC / COFA (dataset ampliado con fines academicos)
2022,Santa Fe,18-29,Mujer,13.23,26.9,10.8,68.8,35.5,Alto,Moderado,SEDRONAR / ENCoPraC / COFA (dataset ampliado con fines academicos)
2022,Santa Fe,18-29,Varon,11.14,29.9,17.9,80.9,25.1,Alto,Moderado,SEDRONAR / ENCoPraC / COFA (dataset ampliado con fines academicos)
2022,Santa Fe,30-44,Mujer,17.21,26.4,16.4,81.7,45.4,Medio,Moderado,SEDRONAR / ENCoPraC / COFA (dataset ampliado con fines academicos)
2022,Santa Fe,30-44,Varon,12.72,24.1,6.1,59.3,23.9,Medio,Moderado,SEDRONAR / ENCoPraC / COFA (dataset ampliado con fines academicos)
2022,Santa Fe,45-59,Mujer,20.25,34.2,15.7,46.4,47.3,Alto,Moderado,SEDRONAR / ENCoPraC / COFA (dataset ampliado con fines academicos)
2022,Santa Fe,45-59,Varon,15.07,29.6,12.9,76.7,23.9,Medio,Moderado,SEDRONAR / ENCoPraC / COFA (dataset ampliado con fines academicos)
2022,Santa Fe,60+,Mujer,21.9,26.0,5.9,41.2,22.6,Alto,Moderado,SEDRONAR / ENCoPraC / COFA (dataset ampliado con fines academicos)
2022,Santa Fe,60+,Varon,16.99,31.5,17.6,60.8,28.6,Medio,Moderado,SEDRONAR / ENCoPraC / COFA (dataset ampliado con fines academicos)
2022,Mendoza,18-29,Mujer,13.21,34.2,7.8,69.7,40.1,Bajo,Moderado,SEDRONAR / ENCoPraC / COFA (dataset ampliado con fines academicos)
2022,Mendoza,18-29,Varon,10.26,16.8,15.1,62.1,20.0,Alto,Moderado,SEDRONAR / ENCoPraC / COFA (dataset ampliado con fines academicos)
2022,Mendoza,30-44,Mujer,16.43,44.5,8.1,46.8,22.1,Bajo,Moderado,SEDRONAR / ENCoPraC / COFA (dataset ampliado con fines academicos)
2022,Mendoza,30-44,Varon,11.95,18.0,14.0,43.0,35.3,Alto,Moderado,SEDRONAR / ENCoPraC / COFA (dataset ampliado con fines academicos)
2022,Mendoza,45-59,Mujer,19.66,24.2,13.1,65.3,32.5,Bajo,Moderado,SEDRONAR / ENCoPraC / COFA (dataset ampliado con fines academicos)
2022,Mendoza,45-59,Varon,15.2,41.6,10.8,49.3,30.5,Medio,Moderado,SEDRONAR / ENCoPraC / COFA (dataset ampliado con fines academicos)
2022,Mendoza,60+,Mujer,22.61,38.1,5.1,60.0,34.4,Bajo,Moderado,SEDRONAR / ENCoPraC / COFA (dataset ampliado con fines academicos)
2022,Mendoza,60+,Varon,17.04,22.8,14.9,46.6,36.2,Bajo,Moderado,SEDRONAR / ENCoPraC / COFA (dataset ampliado con fines academicos)
2022,Tucuman,18-29,Mujer,13.14,18.3,12.1,61.8,46.7,Bajo,Moderado,SEDRONAR / ENCoPraC / COFA (dataset ampliado con fines academicos)
2022,Tucuman,18-29,Varon,10.09,29.6,7.0,55.6,43.1,Medio,Moderado,SEDRONAR / ENCoPraC / COFA (dataset ampliado con fines academicos)
2022,Tucuman,30-44,Mujer,14.41,28.8,15.2,82.8,50.5,Medio,Moderado,SEDRONAR / ENCoPraC / COFA (dataset ampliado con fines academicos)
2022,Tucuman,30-44,Varon,10.61,24.5,13.9,61.0,26.7,Alto,Moderado,SEDRONAR / ENCoPraC / COFA (dataset ampliado con fines academicos)
2022,Tucuman,45-59,Mujer,20.23,34.8,16.6,70.6,38.9,Bajo,Moderado,SEDRONAR / ENCoPraC / COFA (dataset ampliado con fines academicos)
2022,Tucuman,45-59,Varon,13.2,30.6,7.0,75.4,35.4,Medio,Moderado,SEDRONAR / ENCoPraC / COFA (dataset ampliado con fines academicos)
2022,Tucuman,60+,Mujer,20.51,17.1,5.2,85.9,43.1,Medio,Moderado,SEDRONAR / ENCoPraC / COFA (dataset ampliado con fines academicos)
2022,Tucuman,60+,Varon,15.72,23.9,9.5,77.2,40.5,Bajo,Moderado,SEDRONAR / ENCoPraC / COFA (dataset ampliado con fines academicos)
2022,Salta,18-29,Mujer,13.48,23.0,5.3,43.9,50.9,Bajo,Moderado,SEDRONAR / ENCoPraC / COFA (dataset ampliado con fines academicos)
2022,Salta,18-29,Varon,9.83,38.1,13.1,58.3,25.0,Bajo,Moderado,SEDRONAR / ENCoPraC / COFA (dataset ampliado con fines academicos)
2022,Salta,30-44,Mujer,15.97,34.3,11.9,42.0,50.9,Medio,Moderado,SEDRONAR / ENCoPraC / COFA (dataset ampliado con fines academicos)
2022,Salta,30-44,Varon,11.48,23.8,17.7,68.9,37.8,Medio,Moderado,SEDRONAR / ENCoPraC / COFA (dataset ampliado con fines academicos)
2022,Salta,45-59,Mujer,18.15,18.8,9.4,84.5,25.6,Medio,Moderado,SEDRONAR / ENCoPraC / COFA (dataset ampliado con fines academicos)
2022,Salta,45-59,Varon,13.88,28.0,10.7,69.4,50.1,Bajo,Moderado,SEDRONAR / ENCoPraC / COFA (dataset ampliado con fines academicos)
2022,Salta,60+,Mujer,19.99,41.6,13.4,53.7,45.7,Alto,Moderado,SEDRONAR / ENCoPraC / COFA (dataset ampliado con fines academicos)
2022,Salta,60+,Varon,14.87,40.4,16.9,52.1,43.7,Medio,Moderado,SEDRONAR / ENCoPraC / COFA (dataset ampliado con fines academicos)
2022,Chaco,18-29,Mujer,12.75,38.3,13.5,48.5,36.5,Alto,Moderado,SEDRONAR / ENCoPraC / COFA (dataset ampliado con fines academicos)
2022,Chaco,18-29,Varon,9.62,43.1,5.6,47.9,22.5,Medio,Moderado,SEDRONAR / ENCoPraC / COFA (dataset ampliado con fines academicos)
2022,Chaco,30-44,Mujer,14.25,30.2,15.9,75.2,36.4,Medio,Moderado,SEDRONAR / ENCoPraC / COFA (dataset ampliado con fines academicos)
2022,Chaco,30-44,Varon,11.24,30.3,8.9,67.1,41.4,Alto,Moderado,SEDRONAR / ENCoPraC / COFA (dataset ampliado con fines academicos)
2022,Chaco,45-59,Mujer,18.39,19.8,11.0,40.4,26.4,Medio,Moderado,SEDRONAR / ENCoPraC / COFA (dataset ampliado con fines academicos)
2022,Chaco,45-59,Varon,13.32,44.8,6.3,59.3,45.2,Bajo,Moderado,SEDRONAR / ENCoPraC / COFA (dataset ampliado con fines academicos)
2022,Chaco,60+,Mujer,21.42,33.5,7.4,57.1,44.6,Medio,Moderado,SEDRONAR / ENCoPraC / COFA (dataset ampliado con fines academicos)
2022,Chaco,60+,Varon,15.03,15.2,14.9,41.7,43.4,Bajo,Moderado,SEDRONAR / ENCoPraC / COFA (dataset ampliado con fines academicos)
2022,Neuquen,18-29,Mujer,14.06,24.8,6.9,54.7,47.8,Alto,Moderado,SEDRONAR / ENCoPraC / COFA (dataset ampliado con fines academicos)
2022,Neuquen,18-29,Varon,10.77,26.0,10.8,74.7,48.1,Medio,Moderado,SEDRONAR / ENCoPraC / COFA (dataset ampliado con fines academicos)
2022,Neuquen,30-44,Mujer,15.46,35.9,5.0,69.7,30.1,Medio,Moderado,SEDRONAR / ENCoPraC / COFA (dataset ampliado con fines academicos)
2022,Neuquen,30-44,Varon,11.32,17.8,12.6,63.1,39.8,Bajo,Moderado,SEDRONAR / ENCoPraC / COFA (dataset ampliado con fines academicos)
2022,Neuquen,45-59,Mujer,21.15,31.8,12.8,72.5,45.4,Bajo,Moderado,SEDRONAR / ENCoPraC / COFA (dataset ampliado con fines academicos)
2022,Neuquen,45-59,Varon,16.11,39.8,11.5,43.7,20.0,Bajo,Moderado,SEDRONAR / ENCoPraC / COFA (dataset ampliado con fines academicos)
2022,Neuquen,60+,Mujer,23.24,38.7,11.7,61.1,23.0,Bajo,Moderado,SEDRONAR / ENCoPraC / COFA (dataset ampliado con fines academicos)
2022,Neuquen,60+,Varon,17.55,28.0,6.2,50.6,38.3,Medio,Moderado,SEDRONAR / ENCoPraC / COFA (dataset ampliado con fines academicos)
2022,Tierra del Fuego,18-29,Mujer,14.49,34.1,15.2,45.7,31.9,Alto,Moderado,SEDRONAR / ENCoPraC / COFA (dataset ampliado con fines academicos)
2022,Tierra del Fuego,18-29,Varon,12.45,26.5,12.4,68.2,24.3,Medio,Moderado,SEDRONAR / ENCoPraC / COFA (dataset ampliado con fines academicos)
2022,Tierra del Fuego,30-44,Mujer,18.1,24.0,17.2,52.4,32.6,Alto,Moderado,SEDRONAR / ENCoPraC / COFA (dataset ampliado con fines academicos)
2022,Tierra del Fuego,30-44,Varon,12.22,40.3,7.4,78.5,33.6,Medio,Moderado,SEDRONAR / ENCoPraC / COFA (dataset ampliado con fines academicos)
2022,Tierra del Fuego,45-59,Mujer,21.17,28.1,14.5,76.7,23.4,Medio,Moderado,SEDRONAR / ENCoPraC / COFA (dataset ampliado con fines academicos)
2022,Tierra del Fuego,45-59,Varon,17.21,19.1,14.8,71.5,50.5,Bajo,Moderado,SEDRONAR / ENCoPraC / COFA (dataset ampliado con fines academicos)
2022,Tierra del Fuego,60+,Mujer,24.14,22.9,8.2,83.5,26.5,Bajo,Moderado,SEDRONAR / ENCoPraC / COFA (dataset ampliado con fines academicos)
2022,Tierra del Fuego,60+,Varon,17.91,37.8,10.8,77.3,20.2,Medio,Moderado,SEDRONAR / ENCoPraC / COFA (dataset ampliado con fines academicos)
2023,Buenos Aires,18-29,Mujer,15.2,25.4,16.7,41.0,40.6,Alto,Bajo,SEDRONAR / ENCoPraC / COFA (dataset ampliado con fines academicos)
2023,Buenos Aires,18-29,Varon,13.47,31.8,17.2,42.5,32.2,Bajo,Bajo,SEDRONAR / ENCoPraC / COFA (dataset ampliado con fines academicos)
2023,Buenos Aires,30-44,Mujer,21.16,20.9,12.3,62.3,51.0,Medio,Bajo,SEDRONAR / ENCoPraC / COFA (dataset ampliado con fines academicos)
2023,Buenos Aires,30-44,Varon,14.23,25.5,6.5,47.3,25.7,Bajo,Bajo,SEDRONAR / ENCoPraC / COFA (dataset ampliado con fines academicos)
2023,Buenos Aires,45-59,Mujer,24.26,30.7,6.5,81.3,42.6,Bajo,Bajo,SEDRONAR / ENCoPraC / COFA (dataset ampliado con fines academicos)
2023,Buenos Aires,45-59,Varon,18.94,36.2,12.1,43.9,33.6,Medio,Bajo,SEDRONAR / ENCoPraC / COFA (dataset ampliado con fines academicos)
2023,Buenos Aires,60+,Mujer,28.08,28.9,10.4,71.2,36.5,Bajo,Bajo,SEDRONAR / ENCoPraC / COFA (dataset ampliado con fines academicos)
2023,Buenos Aires,60+,Varon,21.42,30.4,15.5,62.0,19.8,Medio,Bajo,SEDRONAR / ENCoPraC / COFA (dataset ampliado con fines academicos)
2023,CABA,18-29,Mujer,18.2,19.9,9.3,76.3,35.7,Bajo,Bajo,SEDRONAR / ENCoPraC / COFA (dataset ampliado con fines academicos)
2023,CABA,18-29,Varon,13.46,41.3,16.4,81.8,26.1,Medio,Bajo,SEDRONAR / ENCoPraC / COFA (dataset ampliado con fines academicos)
2023,CABA,30-44,Mujer,23.1,31.2,11.5,45.1,40.3,Alto,Bajo,SEDRONAR / ENCoPraC / COFA (dataset ampliado con fines academicos)
2023,CABA,30-44,Varon,16.44,26.4,15.1,86.3,24.9,Medio,Bajo,SEDRONAR / ENCoPraC / COFA (dataset ampliado con fines academicos)
2023,CABA,45-59,Mujer,27.31,32.3,13.2,78.3,31.5,Alto,Bajo,SEDRONAR / ENCoPraC / COFA (dataset ampliado con fines academicos)
2023,CABA,45-59,Varon,18.82,31.0,7.1,73.4,45.0,Bajo,Bajo,SEDRONAR / ENCoPraC / COFA (dataset ampliado con fines academicos)
2023,CABA,60+,Mujer,29.37,20.5,16.6,71.4,23.2,Medio,Bajo,SEDRONAR / ENCoPraC / COFA (dataset ampliado con fines academicos)
2023,CABA,60+,Varon,21.83,33.5,6.1,82.4,45.3,Medio,Bajo,SEDRONAR / ENCoPraC / COFA (dataset ampliado con fines academicos)
2023,Cordoba,18-29,Mujer,15.73,44.5,13.7,70.5,23.6,Alto,Bajo,SEDRONAR / ENCoPraC / COFA (dataset ampliado con fines academicos)
2023,Cordoba,18-29,Varon,12.05,27.8,7.1,40.6,37.0,Medio,Bajo,SEDRONAR / ENCoPraC / COFA (dataset ampliado con fines academicos)
2023,Cordoba,30-44,Mujer,19.12,17.4,14.5,49.0,47.2,Alto,Bajo,SEDRONAR / ENCoPraC / COFA (dataset ampliado con fines academicos)
2023,Cordoba,30-44,Varon,14.09,31.2,14.2,55.1,34.0,Alto,Bajo,SEDRONAR / ENCoPraC / COFA (dataset ampliado con fines academicos)
2023,Cordoba,45-59,Mujer,19.6,29.8,15.8,56.1,23.9,Medio,Bajo,SEDRONAR / ENCoPraC / COFA (dataset ampliado con fines academicos)
2023,Cordoba,45-59,Varon,15.86,39.8,6.3,51.5,22.8,Bajo,Bajo,SEDRONAR / ENCoPraC / COFA (dataset ampliado con fines academicos)
2023,Cordoba,60+,Mujer,27.12,34.5,13.1,56.9,46.6,Medio,Bajo,SEDRONAR / ENCoPraC / COFA (dataset ampliado con fines academicos)
2023,Cordoba,60+,Varon,18.41,44.4,13.2,46.1,41.0,Bajo,Bajo,SEDRONAR / ENCoPraC / COFA (dataset ampliado con fines academicos)
2023,Santa Fe,18-29,Mujer,15.14,20.2,16.1,50.9,46.5,Bajo,Bajo,SEDRONAR / ENCoPraC / COFA (dataset ampliado con fines academicos)
2023,Santa Fe,18-29,Varon,11.67,34.3,14.0,64.6,28.4,Bajo,Bajo,SEDRONAR / ENCoPraC / COFA (dataset ampliado con fines academicos)
2023,Santa Fe,30-44,Mujer,18.7,41.1,15.0,77.8,40.6,Bajo,Bajo,SEDRONAR / ENCoPraC / COFA (dataset ampliado con fines academicos)
2023,Santa Fe,30-44,Varon,13.72,42.2,13.7,66.9,21.8,Medio,Bajo,SEDRONAR / ENCoPraC / COFA (dataset ampliado con fines academicos)
2023,Santa Fe,45-59,Mujer,22.7,31.4,9.9,86.9,21.8,Medio,Bajo,SEDRONAR / ENCoPraC / COFA (dataset ampliado con fines academicos)
2023,Santa Fe,45-59,Varon,15.95,16.3,14.6,84.1,27.5,Alto,Bajo,SEDRONAR / ENCoPraC / COFA (dataset ampliado con fines academicos)
2023,Santa Fe,60+,Mujer,25.24,37.6,15.5,40.9,50.7,Medio,Bajo,SEDRONAR / ENCoPraC / COFA (dataset ampliado con fines academicos)
2023,Santa Fe,60+,Varon,18.12,24.1,15.8,53.5,47.7,Bajo,Bajo,SEDRONAR / ENCoPraC / COFA (dataset ampliado con fines academicos)
2023,Mendoza,18-29,Mujer,15.01,17.9,8.1,40.6,33.9,Bajo,Bajo,SEDRONAR / ENCoPraC / COFA (dataset ampliado con fines academicos)
2023,Mendoza,18-29,Varon,12.01,33.0,8.9,54.4,43.3,Bajo,Bajo,SEDRONAR / ENCoPraC / COFA (dataset ampliado con fines academicos)
2023,Mendoza,30-44,Mujer,18.17,41.8,7.4,43.8,26.1,Medio,Bajo,SEDRONAR / ENCoPraC / COFA (dataset ampliado con fines academicos)
2023,Mendoza,30-44,Varon,14.04,16.0,12.6,87.8,47.1,Medio,Bajo,SEDRONAR / ENCoPraC / COFA (dataset ampliado con fines academicos)
2023,Mendoza,45-59,Mujer,19.52,17.8,16.8,72.1,46.2,Alto,Bajo,SEDRONAR / ENCoPraC / COFA (dataset ampliado con fines academicos)
2023,Mendoza,45-59,Varon,15.45,32.2,11.7,60.7,28.8,Medio,Bajo,SEDRONAR / ENCoPraC / COFA (dataset ampliado con fines academicos)
2023,Mendoza,60+,Mujer,24.02,41.8,10.8,69.1,39.5,Medio,Bajo,SEDRONAR / ENCoPraC / COFA (dataset ampliado con fines academicos)
2023,Mendoza,60+,Varon,18.66,36.1,8.1,64.6,21.5,Medio,Bajo,SEDRONAR / ENCoPraC / COFA (dataset ampliado con fines academicos)
2023,Tucuman,18-29,Mujer,15.51,43.5,12.8,75.7,35.2,Medio,Bajo,SEDRONAR / ENCoPraC / COFA (dataset ampliado con fines academicos)
2023,Tucuman,18-29,Varon,10.34,17.1,8.3,57.4,34.1,Bajo,Bajo,SEDRONAR / ENCoPraC / COFA (dataset ampliado con fines academicos)
2023,Tucuman,30-44,Mujer,16.11,44.1,9.3,63.1,24.7,Medio,Bajo,SEDRONAR / ENCoPraC / COFA (dataset ampliado con fines academicos)
2023,Tucuman,30-44,Varon,11.85,23.4,7.7,64.8,18.2,Bajo,Bajo,SEDRONAR / ENCoPraC / COFA (dataset ampliado con fines academicos)
2023,Tucuman,45-59,Mujer,19.12,39.1,12.4,64.6,28.0,Alto,Bajo,SEDRONAR / ENCoPraC / COFA (dataset ampliado con fines academicos)
2023,Tucuman,45-59,Varon,13.94,26.9,6.1,69.6,21.9,Bajo,Bajo,SEDRONAR / ENCoPraC / COFA (dataset ampliado con fines academicos)
2023,Tucuman,60+,Mujer,23.42,29.8,14.1,87.7,22.5,Bajo,Bajo,SEDRONAR / ENCoPraC / COFA (dataset ampliado con fines academicos)
2023,Tucuman,60+,Varon,16.59,26.8,10.5,59.7,48.9,Medio,Bajo,SEDRONAR / ENCoPraC / COFA (dataset ampliado con fines academicos)
2023,Salta,18-29,Mujer,12.47,39.7,17.4,79.4,18.1,Medio,Bajo,SEDRONAR / ENCoPraC / COFA (dataset ampliado con fines academicos)
2023,Salta,18-29,Varon,10.55,16.5,8.3,42.9,38.5,Medio,Bajo,SEDRONAR / ENCoPraC / COFA (dataset ampliado con fines academicos)
2023,Salta,30-44,Mujer,15.72,28.7,9.8,45.8,32.2,Medio,Bajo,SEDRONAR / ENCoPraC / COFA (dataset ampliado con fines academicos)
2023,Salta,30-44,Varon,11.35,17.1,6.0,57.0,50.0,Medio,Bajo,SEDRONAR / ENCoPraC / COFA (dataset ampliado con fines academicos)
2023,Salta,45-59,Mujer,17.77,32.8,5.1,70.5,49.1,Medio,Bajo,SEDRONAR / ENCoPraC / COFA (dataset ampliado con fines academicos)
2023,Salta,45-59,Varon,15.01,41.2,14.4,45.8,48.7,Bajo,Bajo,SEDRONAR / ENCoPraC / COFA (dataset ampliado con fines academicos)
2023,Salta,60+,Mujer,20.28,15.4,10.5,54.2,34.5,Medio,Bajo,SEDRONAR / ENCoPraC / COFA (dataset ampliado con fines academicos)
2023,Salta,60+,Varon,16.13,16.3,6.6,66.8,29.7,Medio,Bajo,SEDRONAR / ENCoPraC / COFA (dataset ampliado con fines academicos)
2023,Chaco,18-29,Mujer,13.88,35.8,10.6,72.3,27.4,Bajo,Bajo,SEDRONAR / ENCoPraC / COFA (dataset ampliado con fines academicos)
2023,Chaco,18-29,Varon,10.08,38.7,10.8,78.3,46.0,Alto,Bajo,SEDRONAR / ENCoPraC / COFA (dataset ampliado con fines academicos)
2023,Chaco,30-44,Mujer,15.47,24.6,12.6,57.8,38.4,Medio,Bajo,SEDRONAR / ENCoPraC / COFA (dataset ampliado con fines academicos)
2023,Chaco,30-44,Varon,12.09,35.7,9.9,48.0,32.6,Bajo,Bajo,SEDRONAR / ENCoPraC / COFA (dataset ampliado con fines academicos)
2023,Chaco,45-59,Mujer,18.1,19.6,5.3,71.0,39.7,Bajo,Bajo,SEDRONAR / ENCoPraC / COFA (dataset ampliado con fines academicos)
2023,Chaco,45-59,Varon,14.24,17.2,10.3,54.9,41.0,Medio,Bajo,SEDRONAR / ENCoPraC / COFA (dataset ampliado con fines academicos)
2023,Chaco,60+,Mujer,19.73,44.6,10.9,73.0,22.8,Medio,Bajo,SEDRONAR / ENCoPraC / COFA (dataset ampliado con fines academicos)
2023,Chaco,60+,Varon,15.22,15.8,11.6,86.3,31.1,Bajo,Bajo,SEDRONAR / ENCoPraC / COFA (dataset ampliado con fines academicos)
2023,Neuquen,18-29,Mujer,14.98,19.8,5.3,76.3,33.6,Bajo,Bajo,SEDRONAR / ENCoPraC / COFA (dataset ampliado con fines academicos)
2023,Neuquen,18-29,Varon,11.01,42.0,6.5,85.9,28.7,Alto,Bajo,SEDRONAR / ENCoPraC / COFA (dataset ampliado con fines academicos)
2023,Neuquen,30-44,Mujer,18.74,44.5,8.7,86.1,31.2,Medio,Bajo,SEDRONAR / ENCoPraC / COFA (dataset ampliado con fines academicos)
2023,Neuquen,30-44,Varon,13.44,25.2,12.0,47.4,36.8,Medio,Bajo,SEDRONAR / ENCoPraC / COFA (dataset ampliado con fines academicos)
2023,Neuquen,45-59,Mujer,21.55,28.2,8.9,52.4,24.6,Bajo,Bajo,SEDRONAR / ENCoPraC / COFA (dataset ampliado con fines academicos)
2023,Neuquen,45-59,Varon,15.97,25.3,8.5,86.4,37.0,Bajo,Bajo,SEDRONAR / ENCoPraC / COFA (dataset ampliado con fines academicos)
2023,Neuquen,60+,Mujer,22.61,28.3,13.1,63.5,31.7,Alto,Bajo,SEDRONAR / ENCoPraC / COFA (dataset ampliado con fines academicos)
2023,Neuquen,60+,Varon,18.03,41.4,13.1,67.3,39.1,Bajo,Bajo,SEDRONAR / ENCoPraC / COFA (dataset ampliado con fines academicos)
2023,Tierra del Fuego,18-29,Mujer,15.87,29.3,12.1,50.9,50.8,Alto,Bajo,SEDRONAR / ENCoPraC / COFA (dataset ampliado con fines academicos)
2023,Tierra del Fuego,18-29,Varon,12.05,36.7,11.9,81.8,22.4,Medio,Bajo,SEDRONAR / ENCoPraC / COFA (dataset ampliado con fines academicos)
2023,Tierra del Fuego,30-44,Mujer,19.37,23.3,16.4,85.3,23.1,Medio,Bajo,SEDRONAR / ENCoPraC / COFA (dataset ampliado con fines academicos)
2023,Tierra del Fuego,30-44,Varon,14.01,44.4,11.3,81.5,38.0,Medio,Bajo,SEDRONAR / ENCoPraC / COFA (dataset ampliado con fines academicos)
2023,Tierra del Fuego,45-59,Mujer,21.54,37.9,10.0,64.5,34.7,Medio,Bajo,SEDRONAR / ENCoPraC / COFA (dataset ampliado con fines academicos)
2023,Tierra del Fuego,45-59,Varon,16.27,41.0,17.7,59.6,46.1,Medio,Bajo,SEDRONAR / ENCoPraC / COFA (dataset ampliado con fines academicos)
2023,Tierra del Fuego,60+,Mujer,26.52,21.0,6.4,81.0,32.9,Alto,Bajo,SEDRONAR / ENCoPraC / COFA (dataset ampliado con fines academicos)
2023,Tierra del Fuego,60+,Varon,19.33,41.8,5.8,82.4,33.2,Medio,Bajo,SEDRONAR / ENCoPraC / COFA (dataset ampliado con fines academicos)
2024,Buenos Aires,18-29,Mujer,18.82,15.6,11.2,73.0,42.6,Medio,Bajo,SEDRONAR / ENCoPraC / COFA (dataset ampliado con fines academicos)
2024,Buenos Aires,18-29,Varon,13.72,19.0,8.9,57.2,45.4,Bajo,Bajo,SEDRONAR / ENCoPraC / COFA (dataset ampliado con fines academicos)
2024,Buenos Aires,30-44,Mujer,22.46,23.8,5.2,75.4,46.4,Medio,Bajo,SEDRONAR / ENCoPraC / COFA (dataset ampliado con fines academicos)
2024,Buenos Aires,30-44,Varon,16.4,19.3,14.8,76.9,40.4,Medio,Bajo,SEDRONAR / ENCoPraC / COFA (dataset ampliado con fines academicos)
2024,Buenos Aires,45-59,Mujer,25.74,17.7,11.3,43.7,31.9,Medio,Bajo,SEDRONAR / ENCoPraC / COFA (dataset ampliado con fines academicos)
2024,Buenos Aires,45-59,Varon,19.88,17.0,9.5,45.3,45.5,Alto,Bajo,SEDRONAR / ENCoPraC / COFA (dataset ampliado con fines academicos)
2024,Buenos Aires,60+,Mujer,26.2,17.3,11.5,78.1,42.0,Bajo,Bajo,SEDRONAR / ENCoPraC / COFA (dataset ampliado con fines academicos)
2024,Buenos Aires,60+,Varon,21.82,17.2,10.2,54.2,25.9,Bajo,Bajo,SEDRONAR / ENCoPraC / COFA (dataset ampliado con fines academicos)
2024,CABA,18-29,Mujer,20.63,24.6,11.2,50.8,39.8,Alto,Bajo,SEDRONAR / ENCoPraC / COFA (dataset ampliado con fines academicos)
2024,CABA,18-29,Varon,14.63,33.1,9.7,71.1,22.2,Alto,Bajo,SEDRONAR / ENCoPraC / COFA (dataset ampliado con fines academicos)
2024,CABA,30-44,Mujer,19.79,32.6,13.1,43.4,41.2,Bajo,Bajo,SEDRONAR / ENCoPraC / COFA (dataset ampliado con fines academicos)
2024,CABA,30-44,Varon,17.54,36.4,15.7,78.6,36.8,Medio,Bajo,SEDRONAR / ENCoPraC / COFA (dataset ampliado con fines academicos)
2024,CABA,45-59,Mujer,28.04,23.1,11.5,53.6,22.6,Medio,Bajo,SEDRONAR / ENCoPraC / COFA (dataset ampliado con fines academicos)
2024,CABA,45-59,Varon,19.99,16.6,14.7,55.2,18.0,Medio,Bajo,SEDRONAR / ENCoPraC / COFA (dataset ampliado con fines academicos)
2024,CABA,60+,Mujer,30.95,40.2,5.0,51.8,43.2,Bajo,Bajo,SEDRONAR / ENCoPraC / COFA (dataset ampliado con fines academicos)
2024,CABA,60+,Varon,23.65,18.1,9.7,53.0,46.7,Bajo,Bajo,SEDRONAR / ENCoPraC / COFA (dataset ampliado con fines academicos)
2024,Cordoba,18-29,Mujer,16.86,28.0,16.8,58.1,50.8,Bajo,Bajo,SEDRONAR / ENCoPraC / COFA (dataset ampliado con fines academicos)
2024,Cordoba,18-29,Varon,12.53,35.6,11.4,58.6,39.5,Medio,Bajo,SEDRONAR / ENCoPraC / COFA (dataset ampliado con fines academicos)
2024,Cordoba,30-44,Mujer,20.52,44.0,14.9,85.6,41.9,Bajo,Bajo,SEDRONAR / ENCoPraC / COFA (dataset ampliado con fines academicos)
2024,Cordoba,30-44,Varon,15.5,18.2,15.2,70.9,19.6,Medio,Bajo,SEDRONAR / ENCoPraC / COFA (dataset ampliado con fines academicos)
2024,Cordoba,45-59,Mujer,23.1,28.0,11.0,50.0,30.5,Medio,Bajo,SEDRONAR / ENCoPraC / COFA (dataset ampliado con fines academicos)
2024,Cordoba,45-59,Varon,17.74,16.6,15.0,60.0,46.0,Alto,Bajo,SEDRONAR / ENCoPraC / COFA (dataset ampliado con fines academicos)
2024,Cordoba,60+,Mujer,27.25,29.2,16.4,50.4,41.0,Medio,Bajo,SEDRONAR / ENCoPraC / COFA (dataset ampliado con fines academicos)
2024,Cordoba,60+,Varon,18.59,23.9,6.8,71.3,43.1,Bajo,Bajo,SEDRONAR / ENCoPraC / COFA (dataset ampliado con fines academicos)
2024,Santa Fe,18-29,Mujer,15.35,36.4,7.6,82.7,27.8,Medio,Bajo,SEDRONAR / ENCoPraC / COFA (dataset ampliado con fines academicos)
2024,Santa Fe,18-29,Varon,13.17,16.7,6.4,64.8,27.1,Alto,Bajo,SEDRONAR / ENCoPraC / COFA (dataset ampliado con fines academicos)
2024,Santa Fe,30-44,Mujer,18.98,29.8,10.3,65.5,38.2,Bajo,Bajo,SEDRONAR / ENCoPraC / COFA (dataset ampliado con fines academicos)
2024,Santa Fe,30-44,Varon,13.61,28.9,17.5,64.9,41.0,Bajo,Bajo,SEDRONAR / ENCoPraC / COFA (dataset ampliado con fines academicos)
2024,Santa Fe,45-59,Mujer,23.47,30.6,17.7,46.0,18.6,Medio,Bajo,SEDRONAR / ENCoPraC / COFA (dataset ampliado con fines academicos)
2024,Santa Fe,45-59,Varon,17.51,39.2,6.6,52.7,18.6,Bajo,Bajo,SEDRONAR / ENCoPraC / COFA (dataset ampliado con fines academicos)
2024,Santa Fe,60+,Mujer,26.06,25.4,9.8,40.1,28.2,Medio,Bajo,SEDRONAR / ENCoPraC / COFA (dataset ampliado con fines academicos)
2024,Santa Fe,60+,Varon,20.83,44.2,16.0,41.1,48.6,Medio,Bajo,SEDRONAR / ENCoPraC / COFA (dataset ampliado con fines academicos)
2024,Mendoza,18-29,Mujer,15.36,26.9,8.9,43.2,25.8,Bajo,Bajo,SEDRONAR / ENCoPraC / COFA (dataset ampliado con fines academicos)
2024,Mendoza,18-29,Varon,12.44,29.5,14.7,62.7,20.0,Alto,Bajo,SEDRONAR / ENCoPraC / COFA (dataset ampliado con fines academicos)
2024,Mendoza,30-44,Mujer,18.29,43.9,6.0,57.6,25.7,Bajo,Bajo,SEDRONAR / ENCoPraC / COFA (dataset ampliado con fines academicos)
2024,Mendoza,30-44,Varon,13.78,19.2,13.1,77.5,37.7,Bajo,Bajo,SEDRONAR / ENCoPraC / COFA (dataset ampliado con fines academicos)
2024,Mendoza,45-59,Mujer,22.1,26.6,13.8,52.5,29.7,Alto,Bajo,SEDRONAR / ENCoPraC / COFA (dataset ampliado con fines academicos)
2024,Mendoza,45-59,Varon,17.0,23.7,11.1,82.7,42.1,Bajo,Bajo,SEDRONAR / ENCoPraC / COFA (dataset ampliado con fines academicos)
2024,Mendoza,60+,Mujer,23.64,19.0,17.5,65.4,26.2,Medio,Bajo,SEDRONAR / ENCoPraC / COFA (dataset ampliado con fines academicos)
2024,Mendoza,60+,Varon,20.32,35.4,6.0,53.2,45.4,Medio,Bajo,SEDRONAR / ENCoPraC / COFA (dataset ampliado con fines academicos)
2024,Tucuman,18-29,Mujer,13.11,16.3,7.2,61.4,25.1,Bajo,Bajo,SEDRONAR / ENCoPraC / COFA (dataset ampliado con fines academicos)
2024,Tucuman,18-29,Varon,11.83,40.3,17.8,78.1,47.0,Bajo,Bajo,SEDRONAR / ENCoPraC / COFA (dataset ampliado con fines academicos)
2024,Tucuman,30-44,Mujer,15.95,28.1,12.7,43.5,39.2,Alto,Bajo,SEDRONAR / ENCoPraC / COFA (dataset ampliado con fines academicos)
2024,Tucuman,30-44,Varon,13.23,20.7,15.3,83.6,50.1,Alto,Bajo,SEDRONAR / ENCoPraC / COFA (dataset ampliado con fines academicos)
2024,Tucuman,45-59,Mujer,20.9,37.7,7.1,62.9,42.4,Bajo,Bajo,SEDRONAR / ENCoPraC / COFA (dataset ampliado con fines academicos)
2024,Tucuman,45-59,Varon,15.27,34.2,13.7,47.8,37.2,Medio,Bajo,SEDRONAR / ENCoPraC / COFA (dataset ampliado con fines academicos)
2024,Tucuman,60+,Mujer,23.04,15.3,9.6,84.5,25.8,Medio,Bajo,SEDRONAR / ENCoPraC / COFA (dataset ampliado con fines academicos)
2024,Tucuman,60+,Varon,17.46,21.7,9.2,80.7,42.8,Bajo,Bajo,SEDRONAR / ENCoPraC / COFA (dataset ampliado con fines academicos)
2024,Salta,18-29,Mujer,13.95,29.4,13.6,45.7,27.8,Medio,Bajo,SEDRONAR / ENCoPraC / COFA (dataset ampliado con fines academicos)
2024,Salta,18-29,Varon,10.6,42.6,17.9,42.2,43.9,Medio,Bajo,SEDRONAR / ENCoPraC / COFA (dataset ampliado con fines academicos)
2024,Salta,30-44,Mujer,17.97,42.6,17.4,67.7,30.1,Medio,Bajo,SEDRONAR / ENCoPraC / COFA (dataset ampliado con fines academicos)
2024,Salta,30-44,Varon,12.14,22.5,12.3,57.2,40.3,Bajo,Bajo,SEDRONAR / ENCoPraC / COFA (dataset ampliado con fines academicos)
2024,Salta,45-59,Mujer,19.81,21.6,5.5,41.7,24.0,Alto,Bajo,SEDRONAR / ENCoPraC / COFA (dataset ampliado con fines academicos)
2024,Salta,45-59,Varon,14.06,23.5,17.4,67.9,32.8,Medio,Bajo,SEDRONAR / ENCoPraC / COFA (dataset ampliado con fines academicos)
2024,Salta,60+,Mujer,24.48,23.5,9.6,82.9,50.2,Alto,Bajo,SEDRONAR / ENCoPraC / COFA (dataset ampliado con fines academicos)
2024,Salta,60+,Varon,16.98,27.6,15.1,62.9,34.9,Bajo,Bajo,SEDRONAR / ENCoPraC / COFA (dataset ampliado con fines academicos)
2024,Chaco,18-29,Mujer,13.07,24.9,16.1,49.9,20.4,Bajo,Bajo,SEDRONAR / ENCoPraC / COFA (dataset ampliado con fines academicos)
2024,Chaco,18-29,Varon,10.59,43.2,11.6,59.7,45.6,Alto,Bajo,SEDRONAR / ENCoPraC / COFA (dataset ampliado con fines academicos)
2024,Chaco,30-44,Mujer,17.42,38.1,13.5,47.3,47.8,Medio,Bajo,SEDRONAR / ENCoPraC / COFA (dataset ampliado con fines academicos)
2024,Chaco,30-44,Varon,11.58,23.5,10.5,41.8,22.3,Medio,Bajo,SEDRONAR / ENCoPraC / COFA (dataset ampliado con fines academicos)
2024,Chaco,45-59,Mujer,18.71,44.2,7.9,54.6,28.3,Bajo,Bajo,SEDRONAR / ENCoPraC / COFA (dataset ampliado con fines academicos)
2024,Chaco,45-59,Varon,14.46,15.0,14.5,86.4,25.6,Medio,Bajo,SEDRONAR / ENCoPraC / COFA (dataset ampliado con fines academicos)
2024,Chaco,60+,Mujer,22.89,27.7,8.9,55.6,42.2,Alto,Bajo,SEDRONAR / ENCoPraC / COFA (dataset ampliado con fines academicos)
2024,Chaco,60+,Varon,16.9,20.4,9.8,83.3,45.4,Alto,Bajo,SEDRONAR / ENCoPraC / COFA (dataset ampliado con fines academicos)
2024,Neuquen,18-29,Mujer,15.37,32.7,13.6,43.8,36.5,Medio,Bajo,SEDRONAR / ENCoPraC / COFA (dataset ampliado con fines academicos)
2024,Neuquen,18-29,Varon,12.66,20.0,15.1,68.0,50.4,Bajo,Bajo,SEDRONAR / ENCoPraC / COFA (dataset ampliado con fines academicos)
2024,Neuquen,30-44,Mujer,19.25,23.9,14.3,76.4,21.5,Medio,Bajo,SEDRONAR / ENCoPraC / COFA (dataset ampliado con fines academicos)
2024,Neuquen,30-44,Varon,12.86,30.3,9.8,84.8,46.1,Medio,Bajo,SEDRONAR / ENCoPraC / COFA (dataset ampliado con fines academicos)
2024,Neuquen,45-59,Mujer,21.65,42.6,14.0,75.0,47.3,Bajo,Bajo,SEDRONAR / ENCoPraC / COFA (dataset ampliado con fines academicos)
2024,Neuquen,45-59,Varon,17.88,39.2,7.5,56.6,29.4,Alto,Bajo,SEDRONAR / ENCoPraC / COFA (dataset ampliado con fines academicos)
2024,Neuquen,60+,Mujer,25.72,36.8,12.3,85.5,34.9,Medio,Bajo,SEDRONAR / ENCoPraC / COFA (dataset ampliado con fines academicos)
2024,Neuquen,60+,Varon,19.5,19.9,15.2,75.3,31.1,Bajo,Bajo,SEDRONAR / ENCoPraC / COFA (dataset ampliado con fines academicos)
2024,Tierra del Fuego,18-29,Mujer,15.82,36.1,15.6,66.2,50.9,Bajo,Bajo,SEDRONAR / ENCoPraC / COFA (dataset ampliado con fines academicos)
2024,Tierra del Fuego,18-29,Varon,12.54,30.1,14.3,81.4,24.1,Alto,Bajo,SEDRONAR / ENCoPraC / COFA (dataset ampliado con fines academicos)
2024,Tierra del Fuego,30-44,Mujer,17.97,19.0,16.2,47.5,28.5,Bajo,Bajo,SEDRONAR / ENCoPraC / COFA (dataset ampliado con fines academicos)
2024,Tierra del Fuego,30-44,Varon,15.84,41.1,13.7,78.2,26.5,Medio,Bajo,SEDRONAR / ENCoPraC / COFA (dataset ampliado con fines academicos)
2024,Tierra del Fuego,45-59,Mujer,25.2,42.2,5.2,72.4,19.8,Medio,Bajo,SEDRONAR / ENCoPraC / COFA (dataset ampliado con fines academicos)
2024,Tierra del Fuego,45-59,Varon,17.95,23.6,9.0,56.9,39.1,Bajo,Bajo,SEDRONAR / ENCoPraC / COFA (dataset ampliado con fines academicos)
2024,Tierra del Fuego,60+,Mujer,26.33,17.1,15.2,53.7,32.7,Medio,Bajo,SEDRONAR / ENCoPraC / COFA (dataset ampliado con fines academicos)
2024,Tierra del Fuego,60+,Varon,21.83,25.0,5.7,57.9,50.1,Medio,Bajo,SEDRONAR / ENCoPraC / COFA (dataset ampliado con fines academicos)
2025,Buenos Aires,18-29,Mujer,19.85,21.0,10.4,76.0,21.4,Bajo,Bajo,SEDRONAR / ENCoPraC / COFA (dataset ampliado con fines academicos)
2025,Buenos Aires,18-29,Varon,15.04,23.3,10.6,87.1,20.3,Medio,Bajo,SEDRONAR / ENCoPraC / COFA (dataset ampliado con fines academicos)
2025,Buenos Aires,30-44,Mujer,21.86,37.1,14.2,60.3,29.8,Medio,Bajo,SEDRONAR / ENCoPraC / COFA (dataset ampliado con fines academicos)
2025,Buenos Aires,30-44,Varon,15.73,22.9,7.7,63.2,27.1,Bajo,Bajo,SEDRONAR / ENCoPraC / COFA (dataset ampliado con fines academicos)
2025,Buenos Aires,45-59,Mujer,26.37,33.1,6.0,43.6,50.3,Bajo,Bajo,SEDRONAR / ENCoPraC / COFA (dataset ampliado con fines academicos)
2025,Buenos Aires,45-59,Varon,19.53,17.8,12.8,69.9,40.0,Bajo,Bajo,SEDRONAR / ENCoPraC / COFA (dataset ampliado con fines academicos)
2025,Buenos Aires,60+,Mujer,31.07,36.2,12.9,55.0,27.2,Medio,Bajo,SEDRONAR / ENCoPraC / COFA (dataset ampliado con fines academicos)
2025,Buenos Aires,60+,Varon,20.99,41.0,17.3,45.1,23.3,Alto,Bajo,SEDRONAR / ENCoPraC / COFA (dataset ampliado con fines academicos)
2025,CABA,18-29,Mujer,21.0,21.1,12.6,73.7,41.1,Medio,Bajo,SEDRONAR / ENCoPraC / COFA (dataset ampliado con fines academicos)
2025,CABA,18-29,Varon,15.5,15.5,12.6,52.1,33.3,Alto,Bajo,SEDRONAR / ENCoPraC / COFA (dataset ampliado con fines academicos)
2025,CABA,30-44,Mujer,25.39,20.7,13.7,86.9,21.5,Bajo,Bajo,SEDRONAR / ENCoPraC / COFA (dataset ampliado con fines academicos)
2025,CABA,30-44,Varon,17.63,28.0,6.2,75.9,49.1,Medio,Bajo,SEDRONAR / ENCoPraC / COFA (dataset ampliado con fines academicos)
2025,CABA,45-59,Mujer,27.75,36.7,5.1,68.3,38.9,Medio,Bajo,SEDRONAR / ENCoPraC / COFA (dataset ampliado con fines academicos)
2025,CABA,45-59,Varon,19.46,22.3,14.3,44.4,24.8,Alto,Bajo,SEDRONAR / ENCoPraC / COFA (dataset ampliado con fines academicos)
2025,CABA,60+,Mujer,31.19,23.1,8.2,43.0,33.6,Medio,Bajo,SEDRONAR / ENCoPraC / COFA (dataset ampliado con fines academicos)
2025,CABA,60+,Varon,23.37,33.2,13.7,43.9,50.4,Alto,Bajo,SEDRONAR / ENCoPraC / COFA (dataset ampliado con fines academicos)
2025,Cordoba,18-29,Mujer,17.6,43.0,12.1,49.6,39.0,Medio,Bajo,SEDRONAR / ENCoPraC / COFA (dataset ampliado con fines academicos)
2025,Cordoba,18-29,Varon,13.1,37.1,11.8,43.3,30.6,Alto,Bajo,SEDRONAR / ENCoPraC / COFA (dataset ampliado con fines academicos)
2025,Cordoba,30-44,Mujer,21.28,23.1,9.8,83.0,40.7,Medio,Bajo,SEDRONAR / ENCoPraC / COFA (dataset ampliado con fines academicos)
2025,Cordoba,30-44,Varon,16.84,28.6,13.2,51.9,42.0,Medio,Bajo,SEDRONAR / ENCoPraC / COFA (dataset ampliado con fines academicos)
2025,Cordoba,45-59,Mujer,26.21,43.1,5.8,79.6,27.9,Medio,Bajo,SEDRONAR / ENCoPraC / COFA (dataset ampliado con fines academicos)
2025,Cordoba,45-59,Varon,17.09,15.7,8.9,64.1,19.9,Medio,Bajo,SEDRONAR / ENCoPraC / COFA (dataset ampliado con fines academicos)
2025,Cordoba,60+,Mujer,26.59,34.7,8.4,47.7,23.5,Bajo,Bajo,SEDRONAR / ENCoPraC / COFA (dataset ampliado con fines academicos)
2025,Cordoba,60+,Varon,21.8,20.6,13.6,82.3,45.7,Medio,Bajo,SEDRONAR / ENCoPraC / COFA (dataset ampliado con fines academicos)
2025,Santa Fe,18-29,Mujer,16.56,24.3,8.2,64.7,36.2,Medio,Bajo,SEDRONAR / ENCoPraC / COFA (dataset ampliado con fines academicos)
2025,Santa Fe,18-29,Varon,12.17,25.6,15.8,77.9,28.5,Alto,Bajo,SEDRONAR / ENCoPraC / COFA (dataset ampliado con fines academicos)
2025,Santa Fe,30-44,Mujer,19.69,25.6,11.6,85.2,47.8,Bajo,Bajo,SEDRONAR / ENCoPraC / COFA (dataset ampliado con fines academicos)
2025,Santa Fe,30-44,Varon,15.02,26.8,12.2,64.2,24.6,Alto,Bajo,SEDRONAR / ENCoPraC / COFA (dataset ampliado con fines academicos)
2025,Santa Fe,45-59,Mujer,24.45,40.8,14.7,61.1,38.8,Bajo,Bajo,SEDRONAR / ENCoPraC / COFA (dataset ampliado con fines academicos)
2025,Santa Fe,45-59,Varon,17.85,35.2,7.3,73.3,25.8,Bajo,Bajo,SEDRONAR / ENCoPraC / COFA (dataset ampliado con fines academicos)
2025,Santa Fe,60+,Mujer,28.05,30.4,7.1,44.0,18.7,Bajo,Bajo,SEDRONAR / ENCoPraC / COFA (dataset ampliado con fines academicos)
2025,Santa Fe,60+,Varon,20.86,41.7,8.1,57.0,21.6,Bajo,Bajo,SEDRONAR / ENCoPraC / COFA (dataset ampliado con fines academicos)
2025,Mendoza,18-29,Mujer,17.97,22.4,5.8,58.8,26.0,Bajo,Bajo,SEDRONAR / ENCoPraC / COFA (dataset ampliado con fines academicos)
2025,Mendoza,18-29,Varon,12.21,43.8,13.0,66.7,32.1,Medio,Bajo,SEDRONAR / ENCoPraC / COFA (dataset ampliado con fines academicos)
2025,Mendoza,30-44,Mujer,20.61,36.1,7.2,64.0,32.0,Alto,Bajo,SEDRONAR / ENCoPraC / COFA (dataset ampliado con fines academicos)
2025,Mendoza,30-44,Varon,14.33,33.9,11.9,45.5,38.6,Bajo,Bajo,SEDRONAR / ENCoPraC / COFA (dataset ampliado con fines academicos)
2025,Mendoza,45-59,Mujer,21.25,35.8,7.7,58.8,48.5,Bajo,Bajo,SEDRONAR / ENCoPraC / COFA (dataset ampliado con fines academicos)
2025,Mendoza,45-59,Varon,16.25,30.2,10.5,40.9,45.0,Bajo,Bajo,SEDRONAR / ENCoPraC / COFA (dataset ampliado con fines academicos)
2025,Mendoza,60+,Mujer,28.78,33.9,14.0,52.2,18.3,Medio,Bajo,SEDRONAR / ENCoPraC / COFA (dataset ampliado con fines academicos)
2025,Mendoza,60+,Varon,17.92,31.1,15.9,79.4,46.7,Medio,Bajo,SEDRONAR / ENCoPraC / COFA (dataset ampliado con fines academicos)
2025,Tucuman,18-29,Mujer,16.04,28.5,7.4,81.0,48.0,Medio,Bajo,SEDRONAR / ENCoPraC / COFA (dataset ampliado con fines academicos)
2025,Tucuman,18-29,Varon,10.98,17.3,10.0,78.6,48.7,Bajo,Bajo,SEDRONAR / ENCoPraC / COFA (dataset ampliado con fines academicos)
2025,Tucuman,30-44,Mujer,18.65,44.0,5.9,71.1,20.5,Medio,Bajo,SEDRONAR / ENCoPraC / COFA (dataset ampliado con fines academicos)
2025,Tucuman,30-44,Varon,11.84,39.1,10.6,87.9,37.0,Bajo,Bajo,SEDRONAR / ENCoPraC / COFA (dataset ampliado con fines academicos)
2025,Tucuman,45-59,Mujer,20.44,26.2,5.9,57.7,33.8,Medio,Bajo,SEDRONAR / ENCoPraC / COFA (dataset ampliado con fines academicos)
2025,Tucuman,45-59,Varon,14.8,34.7,14.2,40.4,25.4,Medio,Bajo,SEDRONAR / ENCoPraC / COFA (dataset ampliado con fines academicos)
2025,Tucuman,60+,Mujer,23.91,39.1,15.0,66.3,20.3,Medio,Bajo,SEDRONAR / ENCoPraC / COFA (dataset ampliado con fines academicos)
2025,Tucuman,60+,Varon,18.0,32.5,15.2,76.1,45.3,Medio,Bajo,SEDRONAR / ENCoPraC / COFA (dataset ampliado con fines academicos)
2025,Salta,18-29,Mujer,15.02,33.6,14.6,48.2,24.6,Alto,Bajo,SEDRONAR / ENCoPraC / COFA (dataset ampliado con fines academicos)
2025,Salta,18-29,Varon,10.5,37.5,16.8,76.4,38.3,Medio,Bajo,SEDRONAR / ENCoPraC / COFA (dataset ampliado con fines academicos)
2025,Salta,30-44,Mujer,17.48,34.0,7.0,62.7,42.4,Bajo,Bajo,SEDRONAR / ENCoPraC / COFA (dataset ampliado con fines academicos)
2025,Salta,30-44,Varon,13.52,21.1,9.1,51.6,25.3,Medio,Bajo,SEDRONAR / ENCoPraC / COFA (dataset ampliado con fines academicos)
2025,Salta,45-59,Mujer,20.44,20.6,6.0,73.4,31.0,Alto,Bajo,SEDRONAR / ENCoPraC / COFA (dataset ampliado con fines academicos)
2025,Salta,45-59,Varon,15.92,34.8,15.4,53.1,41.5,Bajo,Bajo,SEDRONAR / ENCoPraC / COFA (dataset ampliado con fines academicos)
2025,Salta,60+,Mujer,23.57,24.7,8.5,49.2,41.6,Bajo,Bajo,SEDRONAR / ENCoPraC / COFA (dataset ampliado con fines academicos)
2025,Salta,60+,Varon,17.91,32.9,8.4,71.8,45.7,Medio,Bajo,SEDRONAR / ENCoPraC / COFA (dataset ampliado con fines academicos)
2025,Chaco,18-29,Mujer,13.89,17.7,14.1,57.7,32.7,Bajo,Bajo,SEDRONAR / ENCoPraC / COFA (dataset ampliado con fines academicos)
2025,Chaco,18-29,Varon,11.04,22.8,5.4,82.2,26.3,Medio,Bajo,SEDRONAR / ENCoPraC / COFA (dataset ampliado con fines academicos)
2025,Chaco,30-44,Mujer,17.01,24.7,16.7,82.6,29.1,Alto,Bajo,SEDRONAR / ENCoPraC / COFA (dataset ampliado con fines academicos)
2025,Chaco,30-44,Varon,12.46,44.9,15.7,80.6,26.5,Medio,Bajo,SEDRONAR / ENCoPraC / COFA (dataset ampliado con fines academicos)
2025,Chaco,45-59,Mujer,20.73,40.7,18.0,51.6,19.4,Medio,Bajo,SEDRONAR / ENCoPraC / COFA (dataset ampliado con fines academicos)
2025,Chaco,45-59,Varon,15.35,18.9,5.3,57.3,44.6,Medio,Bajo,SEDRONAR / ENCoPraC / COFA (dataset ampliado con fines academicos)
2025,Chaco,60+,Mujer,24.09,22.0,5.2,76.7,39.2,Medio,Bajo,SEDRONAR / ENCoPraC / COFA (dataset ampliado con fines academicos)
2025,Chaco,60+,Varon,15.92,16.2,15.9,69.7,37.2,Medio,Bajo,SEDRONAR / ENCoPraC / COFA (dataset ampliado con fines academicos)
2025,Neuquen,18-29,Mujer,16.55,32.4,17.9,76.3,33.0,Medio,Bajo,SEDRONAR / ENCoPraC / COFA (dataset ampliado con fines academicos)
2025,Neuquen,18-29,Varon,12.83,26.7,8.0,68.6,49.6,Alto,Bajo,SEDRONAR / ENCoPraC / COFA (dataset ampliado con fines academicos)
2025,Neuquen,30-44,Mujer,19.59,21.3,17.9,87.1,40.1,Alto,Bajo,SEDRONAR / ENCoPraC / COFA (dataset ampliado con fines academicos)
2025,Neuquen,30-44,Varon,12.84,36.5,12.7,42.6,33.5,Medio,Bajo,SEDRONAR / ENCoPraC / COFA (dataset ampliado con fines academicos)
2025,Neuquen,45-59,Mujer,21.49,43.3,7.2,64.0,41.5,Medio,Bajo,SEDRONAR / ENCoPraC / COFA (dataset ampliado con fines academicos)
2025,Neuquen,45-59,Varon,18.18,34.5,8.6,47.5,39.6,Medio,Bajo,SEDRONAR / ENCoPraC / COFA (dataset ampliado con fines academicos)
2025,Neuquen,60+,Mujer,26.7,28.7,13.7,80.2,23.8,Bajo,Bajo,SEDRONAR / ENCoPraC / COFA (dataset ampliado con fines academicos)
2025,Neuquen,60+,Varon,18.51,38.4,12.9,73.6,46.5,Alto,Bajo,SEDRONAR / ENCoPraC / COFA (dataset ampliado con fines academicos)
2025,Tierra del Fuego,18-29,Mujer,17.7,29.7,10.2,47.4,37.5,Bajo,Bajo,SEDRONAR / ENCoPraC / COFA (dataset ampliado con fines academicos)
2025,Tierra del Fuego,18-29,Varon,13.54,42.6,12.6,68.5,30.1,Bajo,Bajo,SEDRONAR / ENCoPraC / COFA (dataset ampliado con fines academicos)
2025,Tierra del Fuego,30-44,Mujer,20.7,17.5,12.9,82.3,48.0,Medio,Bajo,SEDRONAR / ENCoPraC / COFA (dataset ampliado con fines academicos)
2025,Tierra del Fuego,30-44,Varon,15.14,21.3,16.2,82.5,24.7,Medio,Bajo,SEDRONAR / ENCoPraC / COFA (dataset ampliado con fines academicos)
2025,Tierra del Fuego,45-59,Mujer,25.61,44.9,5.4,83.1,39.2,Alto,Bajo,SEDRONAR / ENCoPraC / COFA (dataset ampliado con fines academicos)
2025,Tierra del Fuego,45-59,Varon,17.7,29.0,16.0,43.0,29.4,Bajo,Bajo,SEDRONAR / ENCoPraC / COFA (dataset ampliado con fines academicos)
2025,Tierra del Fuego,60+,Mujer,27.75,17.1,7.7,51.0,33.9,Bajo,Bajo,SEDRONAR / ENCoPraC / COFA (dataset ampliado con fines academicos)
2025,Tierra del Fuego,60+,Varon,20.13,18.0,7.2,47.1,51.1,Medio,Bajo,SEDRONAR / ENCoPraC / COFA (dataset ampliado con fines academicos)
